[2m19:04:20[22m [31m[1m[vite][22m[39m [31mInternal server error: C:\Users\PC\OneDrive - UNINTER - Aluno\Área de Trabalho\barber\BARBERSHOP\web\src\pages\Home.jsx: Unexpected token (137:36)

[0m [90m 135 |[31m         [33m<[31m[33m/[31m[33msection[31m[33m>[31m
 [90m 136 |[31m
[31m[1m>[22m[31m[90m 137 |[31m         {[90m/* ======= REST ======= */[31m}
 [90m     |[31m                                     [31m[1m^[22m[31m[0m[39m
  Plugin: [35mvite:react-babel[39m
  File: [36mC:/Users/PC/OneDrive - UNINTER - Aluno/Área de Trabalho/barber/BARBERSHOP/web/src/pages/Home.jsx[39m:137:36
      at constructor (C:\Users\PC\OneDrive - UNINTER - Aluno\Área de Trabalho\barber\BARBERSHOP\web\node_modules\@babel\parser\lib\index.js:369:19)
      at JSXParserMixin.raise (C:\Users\PC\OneDrive - UNINTER - Aluno\Área de Trabalho\barber\BARBERSHOP\web\node_modules\@babel\parser\lib\index.js:6620:19)
      at JSXParserMixin.unexpected (C:\Users\PC\OneDrive - UNINTER - Aluno\Área de Trabalho\barber\BARBERSHOP\web\node_modules\@babel\parser\lib\index.js:6640:16)
      at JSXParserMixin.jsxParseElementAt (C:\Users\PC\OneDrive - UNINTER - Aluno\Área de Trabalho\barber\BARBERSHOP\web\node_modules\@babel\parser\lib\index.js:4732:18)
      at JSXParserMixin.jsxParseElementAt (C:\Users\PC\OneDrive - UNINTER - Aluno\Área de Trabalho\barber\BARBERSHOP\web\node_modules\@babel\parser\lib\index.js:4714:32)
      at JSXParserMixin.jsxParseElement (C:\Users\PC\OneDrive - UNINTER - Aluno\Área de Trabalho\barber\BARBERSHOP\web\node_modules\@babel\parser\lib\index.js:4765:17)
      at JSXParserMixin.parseExprAtom (C:\Users\PC\OneDrive - UNINTER - Aluno\Área de Trabalho\barber\BARBERSHOP\web\node_modules\@babel\parser\lib\index.js:4775:19)
      at JSXParserMixin.parseExprSubscripts (C:\Users\PC\OneDrive - UNINTER - Aluno\Área de Trabalho\barber\BARBERSHOP\web\node_modules\@babel\parser\lib\index.js:11102:23)
      at JSXParserMixin.parseUpdate (C:\Users\PC\OneDrive - UNINTER - Aluno\Área de Trabalho\barber\BARBERSHOP\web\node_modules\@babel\parser\lib\index.js:11087:21)
      at JSXParserMixin.parseMaybeUnary (C:\Users\PC\OneDrive - UNINTER - Aluno\Área de Trabalho\barber\BARBERSHOP\web\node_modules\@babel\parser\lib\index.js:11067:23)
      at JSXParserMixin.parseMaybeUnaryOrPrivate (C:\Users\PC\OneDrive - UNINTER - Aluno\Área de Trabalho\barber\BARBERSHOP\web\node_modules\@babel\parser\lib\index.js:10920:61)
      at JSXParserMixin.parseExprOps (C:\Users\PC\OneDrive - UNINTER - Aluno\Área de Trabalho\barber\BARBERSHOP\web\node_modules\@babel\parser\lib\index.js:10925:23)
      at JSXParserMixin.parseMaybeConditional (C:\Users\PC\OneDrive - UNINTER - Aluno\Área de Trabalho\barber\BARBERSHOP\web\node_modules\@babel\parser\lib\index.js:10902:23)
      at JSXParserMixin.parseMaybeAssign (C:\Users\PC\OneDrive - UNINTER - Aluno\Área de Trabalho\barber\BARBERSHOP\web\node_modules\@babel\parser\lib\index.js:10852:21)
      at C:\Users\PC\OneDrive - UNINTER - Aluno\Área de Trabalho\barber\BARBERSHOP\web\node_modules\@babel\parser\lib\index.js:10821:39
      at JSXParserMixin.allowInAnd (C:\Users\PC\OneDrive - UNINTER - Aluno\Área de Trabalho\barber\BARBERSHOP\web\node_modules\@babel\parser\lib\index.js:12455:12)
      at JSXParserMixin.parseMaybeAssignAllowIn (C:\Users\PC\OneDrive - UNINTER - Aluno\Área de Trabalho\barber\BARBERSHOP\web\node_modules\@babel\parser\lib\index.js:10821:17)
      at JSXParserMixin.parseMaybeAssignAllowInOrVoidPattern (C:\Users\PC\OneDrive - UNINTER - Aluno\Área de Trabalho\barber\BARBERSHOP\web\node_modules\@babel\parser\lib\index.js:12522:17)
      at JSXParserMixin.parseParenAndDistinguishExpression (C:\Users\PC\OneDrive - UNINTER - Aluno\Área de Trabalho\barber\BARBERSHOP\web\node_modules\@babel\parser\lib\index.js:11701:28)
      at JSXParserMixin.parseExprAtom (C:\Users\PC\OneDrive - UNINTER - Aluno\Área de Trabalho\barber\BARBERSHOP\web\node_modules\@babel\parser\lib\index.js:11357:23)
      at JSXParserMixin.parseExprAtom (C:\Users\PC\OneDrive - UNINTER - Aluno\Área de Trabalho\barber\BARBERSHOP\web\node_modules\@babel\parser\lib\index.js:4780:20)
      at JSXParserMixin.parseExprSubscripts (C:\Users\PC\OneDrive - UNINTER - Aluno\Área de Trabalho\barber\BARBERSHOP\web\node_modules\@babel\parser\lib\index.js:11102:23)
      at JSXParserMixin.parseUpdate (C:\Users\PC\OneDrive - UNINTER - Aluno\Área de Trabalho\barber\BARBERSHOP\web\node_modules\@babel\parser\lib\index.js:11087:21)
      at JSXParserMixin.parseMaybeUnary (C:\Users\PC\OneDrive - UNINTER - Aluno\Área de Trabalho\barber\BARBERSHOP\web\node_modules\@babel\parser\lib\index.js:11067:23)
      at JSXParserMixin.parseMaybeUnaryOrPrivate (C:\Users\PC\OneDrive - UNINTER - Aluno\Área de Trabalho\barber\BARBERSHOP\web\node_modules\@babel\parser\lib\index.js:10920:61)
      at JSXParserMixin.parseExprOps (C:\Users\PC\OneDrive - UNINTER - Aluno\Área de Trabalho\barber\BARBERSHOP\web\node_modules\@babel\parser\lib\index.js:10925:23)
      at JSXParserMixin.parseMaybeConditional (C:\Users\PC\OneDrive - UNINTER - Aluno\Área de Trabalho\barber\BARBERSHOP\web\node_modules\@babel\parser\lib\index.js:10902:23)
      at JSXParserMixin.parseMaybeAssign (C:\Users\PC\OneDrive - UNINTER - Aluno\Área de Trabalho\barber\BARBERSHOP\web\node_modules\@babel\parser\lib\index.js:10852:21)
      at JSXParserMixin.parseExpressionBase (C:\Users\PC\OneDrive - UNINTER - Aluno\Área de Trabalho\barber\BARBERSHOP\web\node_modules\@babel\parser\lib\index.js:10805:23)
      at C:\Users\PC\OneDrive - UNINTER - Aluno\Área de Trabalho\barber\BARBERSHOP\web\node_modules\@babel\parser\lib\index.js:10801:39
      at JSXParserMixin.allowInAnd (C:\Users\PC\OneDrive - UNINTER - Aluno\Área de Trabalho\barber\BARBERSHOP\web\node_modules\@babel\parser\lib\index.js:12450:16)
      at JSXParserMixin.parseExpression (C:\Users\PC\OneDrive - UNINTER - Aluno\Área de Trabalho\barber\BARBERSHOP\web\node_modules\@babel\parser\lib\index.js:10801:17)
      at JSXParserMixin.parseReturnStatement (C:\Users\PC\OneDrive - UNINTER - Aluno\Área de Trabalho\barber\BARBERSHOP\web\node_modules\@babel\parser\lib\index.js:13171:28)
      at JSXParserMixin.parseStatementContent (C:\Users\PC\OneDrive - UNINTER - Aluno\Área de Trabalho\barber\BARBERSHOP\web\node_modules\@babel\parser\lib\index.js:12827:21)
      at JSXParserMixin.parseStatementLike (C:\Users\PC\OneDrive - UNINTER - Aluno\Área de Trabalho\barber\BARBERSHOP\web\node_modules\@babel\parser\lib\index.js:12796:17)
      at JSXParserMixin.parseStatementListItem (C:\Users\PC\OneDrive - UNINTER - Aluno\Área de Trabalho\barber\BARBERSHOP\web\node_modules\@babel\parser\lib\index.js:12776:17)
      at JSXParserMixin.parseBlockOrModuleBlockBody (C:\Users\PC\OneDrive - UNINTER - Aluno\Área de Trabalho\barber\BARBERSHOP\web\node_modules\@babel\parser\lib\index.js:13345:61)
      at JSXParserMixin.parseBlockBody (C:\Users\PC\OneDrive - UNINTER - Aluno\Área de Trabalho\barber\BARBERSHOP\web\node_modules\@babel\parser\lib\index.js:13338:10)
      at JSXParserMixin.parseBlock (C:\Users\PC\OneDrive - UNINTER - Aluno\Área de Trabalho\barber\BARBERSHOP\web\node_modules\@babel\parser\lib\index.js:13326:10)
      at JSXParserMixin.parseFunctionBody (C:\Users\PC\OneDrive - UNINTER - Aluno\Área de Trabalho\barber\BARBERSHOP\web\node_modules\@babel\parser\lib\index.js:12129:24)
      at JSXParserMixin.parseFunctionBodyAndFinish (C:\Users\PC\OneDrive - UNINTER - Aluno\Área de Trabalho\barber\BARBERSHOP\web\node_modules\@babel\parser\lib\index.js:12115:10)
      at C:\Users\PC\OneDrive - UNINTER - Aluno\Área de Trabalho\barber\BARBERSHOP\web\node_modules\@babel\parser\lib\index.js:13474:12
      at JSXParserMixin.withSmartMixTopicForbiddingContext (C:\Users\PC\OneDrive - UNINTER - Aluno\Área de Trabalho\barber\BARBERSHOP\web\node_modules\@babel\parser\lib\index.js:12432:14)
      at JSXParserMixin.parseFunction (C:\Users\PC\OneDrive - UNINTER - Aluno\Área de Trabalho\barber\BARBERSHOP\web\node_modules\@babel\parser\lib\index.js:13473:10)
      at JSXParserMixin.parseFunctionStatement (C:\Users\PC\OneDrive - UNINTER - Aluno\Área de Trabalho\barber\BARBERSHOP\web\node_modules\@babel\parser\lib\index.js:13154:17)
      at JSXParserMixin.parseStatementContent (C:\Users\PC\OneDrive - UNINTER - Aluno\Área de Trabalho\barber\BARBERSHOP\web\node_modules\@babel\parser\lib\index.js:12820:21)
      at JSXParserMixin.parseStatementLike (C:\Users\PC\OneDrive - UNINTER - Aluno\Área de Trabalho\barber\BARBERSHOP\web\node_modules\@babel\parser\lib\index.js:12796:17)
      at JSXParserMixin.parseModuleItem (C:\Users\PC\OneDrive - UNINTER - Aluno\Área de Trabalho\barber\BARBERSHOP\web\node_modules\@babel\parser\lib\index.js:12773:17)
      at JSXParserMixin.parseBlockOrModuleBlockBody (C:\Users\PC\OneDrive - UNINTER - Aluno\Área de Trabalho\barber\BARBERSHOP\web\node_modules\@babel\parser\lib\index.js:13345:36)
      at JSXParserMixin.parseBlockBody (C:\Users\PC\OneDrive - UNINTER - Aluno\Área de Trabalho\barber\BARBERSHOP\web\node_modules\@babel\parser\lib\index.js:13338:10)
[2m19:04:21[22m [31m[1m[vite][22m[39m [31mInternal server error: C:\Users\PC\OneDrive - UNINTER - Aluno\Área de Trabalho\barber\BARBERSHOP\web\src\pages\Home.jsx: Unexpected token (137:36)

[0m [90m 135 |[31m         [33m<[31m[33m/[31m[33msection[31m[33m>[31m
 [90m 136 |[31m
[31m[1m>[22m[31m[90m 137 |[31m         {[90m/* ======= REST ======= */[31m}
 [90m     |[31m                                     [31m[1m^[22m[31m[0m[39m
  Plugin: [35mvite:react-babel[39m
  File: [36mC:/Users/PC/OneDrive - UNINTER - Aluno/Área de Trabalho/barber/BARBERSHOP/web/src/pages/Home.jsx[39m:137:36
      at constructor (C:\Users\PC\OneDrive - UNINTER - Aluno\Área de Trabalho\barber\BARBERSHOP\web\node_modules\@babel\parser\lib\index.js:369:19)
      at JSXParserMixin.raise (C:\Users\PC\OneDrive - UNINTER - Aluno\Área de Trabalho\barber\BARBERSHOP\web\node_modules\@babel\parser\lib\index.js:6620:19)
      at JSXParserMixin.unexpected (C:\Users\PC\OneDrive - UNINTER - Aluno\Área de Trabalho\barber\BARBERSHOP\web\node_modules\@babel\parser\lib\index.js:6640:16)
      at JSXParserMixin.jsxParseElementAt (C:\Users\PC\OneDrive - UNINTER - Aluno\Área de Trabalho\barber\BARBERSHOP\web\node_modules\@babel\parser\lib\index.js:4732:18)
      at JSXParserMixin.jsxParseElementAt (C:\Users\PC\OneDrive - UNINTER - Aluno\Área de Trabalho\barber\BARBERSHOP\web\node_modules\@babel\parser\lib\index.js:4714:32)
      at JSXParserMixin.jsxParseElement (C:\Users\PC\OneDrive - UNINTER - Aluno\Área de Trabalho\barber\BARBERSHOP\web\node_modules\@babel\parser\lib\index.js:4765:17)
      at JSXParserMixin.parseExprAtom (C:\Users\PC\OneDrive - UNINTER - Aluno\Área de Trabalho\barber\BARBERSHOP\web\node_modules\@babel\parser\lib\index.js:4775:19)
      at JSXParserMixin.parseExprSubscripts (C:\Users\PC\OneDrive - UNINTER - Aluno\Área de Trabalho\barber\BARBERSHOP\web\node_modules\@babel\parser\lib\index.js:11102:23)
      at JSXParserMixin.parseUpdate (C:\Users\PC\OneDrive - UNINTER - Aluno\Área de Trabalho\barber\BARBERSHOP\web\node_modules\@babel\parser\lib\index.js:11087:21)
      at JSXParserMixin.parseMaybeUnary (C:\Users\PC\OneDrive - UNINTER - Aluno\Área de Trabalho\barber\BARBERSHOP\web\node_modules\@babel\parser\lib\index.js:11067:23)
      at JSXParserMixin.parseMaybeUnaryOrPrivate (C:\Users\PC\OneDrive - UNINTER - Aluno\Área de Trabalho\barber\BARBERSHOP\web\node_modules\@babel\parser\lib\index.js:10920:61)
      at JSXParserMixin.parseExprOps (C:\Users\PC\OneDrive - UNINTER - Aluno\Área de Trabalho\barber\BARBERSHOP\web\node_modules\@babel\parser\lib\index.js:10925:23)
      at JSXParserMixin.parseMaybeConditional (C:\Users\PC\OneDrive - UNINTER - Aluno\Área de Trabalho\barber\BARBERSHOP\web\node_modules\@babel\parser\lib\index.js:10902:23)
      at JSXParserMixin.parseMaybeAssign (C:\Users\PC\OneDrive - UNINTER - Aluno\Área de Trabalho\barber\BARBERSHOP\web\node_modules\@babel\parser\lib\index.js:10852:21)
      at C:\Users\PC\OneDrive - UNINTER - Aluno\Área de Trabalho\barber\BARBERSHOP\web\node_modules\@babel\parser\lib\index.js:10821:39
      at JSXParserMixin.allowInAnd (C:\Users\PC\OneDrive - UNINTER - Aluno\Área de Trabalho\barber\BARBERSHOP\web\node_modules\@babel\parser\lib\index.js:12455:12)
      at JSXParserMixin.parseMaybeAssignAllowIn (C:\Users\PC\OneDrive - UNINTER - Aluno\Área de Trabalho\barber\BARBERSHOP\web\node_modules\@babel\parser\lib\index.js:10821:17)
      at JSXParserMixin.parseMaybeAssignAllowInOrVoidPattern (C:\Users\PC\OneDrive - UNINTER - Aluno\Área de Trabalho\barber\BARBERSHOP\web\node_modules\@babel\parser\lib\index.js:12522:17)
      at JSXParserMixin.parseParenAndDistinguishExpression (C:\Users\PC\OneDrive - UNINTER - Aluno\Área de Trabalho\barber\BARBERSHOP\web\node_modules\@babel\parser\lib\index.js:11701:28)
      at JSXParserMixin.parseExprAtom (C:\Users\PC\OneDrive - UNINTER - Aluno\Área de Trabalho\barber\BARBERSHOP\web\node_modules\@babel\parser\lib\index.js:11357:23)
      at JSXParserMixin.parseExprAtom (C:\Users\PC\OneDrive - UNINTER - Aluno\Área de Trabalho\barber\BARBERSHOP\web\node_modules\@babel\parser\lib\index.js:4780:20)
      at JSXParserMixin.parseExprSubscripts (C:\Users\PC\OneDrive - UNINTER - Aluno\Área de Trabalho\barber\BARBERSHOP\web\node_modules\@babel\parser\lib\index.js:11102:23)
      at JSXParserMixin.parseUpdate (C:\Users\PC\OneDrive - UNINTER - Aluno\Área de Trabalho\barber\BARBERSHOP\web\node_modules\@babel\parser\lib\index.js:11087:21)
      at JSXParserMixin.parseMaybeUnary (C:\Users\PC\OneDrive - UNINTER - Aluno\Área de Trabalho\barber\BARBERSHOP\web\node_modules\@babel\parser\lib\index.js:11067:23)
      at JSXParserMixin.parseMaybeUnaryOrPrivate (C:\Users\PC\OneDrive - UNINTER - Aluno\Área de Trabalho\barber\BARBERSHOP\web\node_modules\@babel\parser\lib\index.js:10920:61)
      at JSXParserMixin.parseExprOps (C:\Users\PC\OneDrive - UNINTER - Aluno\Área de Trabalho\barber\BARBERSHOP\web\node_modules\@babel\parser\lib\index.js:10925:23)
      at JSXParserMixin.parseMaybeConditional (C:\Users\PC\OneDrive - UNINTER - Aluno\Área de Trabalho\barber\BARBERSHOP\web\node_modules\@babel\parser\lib\index.js:10902:23)
      at JSXParserMixin.parseMaybeAssign (C:\Users\PC\OneDrive - UNINTER - Aluno\Área de Trabalho\barber\BARBERSHOP\web\node_modules\@babel\parser\lib\index.js:10852:21)
      at JSXParserMixin.parseExpressionBase (C:\Users\PC\OneDrive - UNINTER - Aluno\Área de Trabalho\barber\BARBERSHOP\web\node_modules\@babel\parser\lib\index.js:10805:23)
      at C:\Users\PC\OneDrive - UNINTER - Aluno\Área de Trabalho\barber\BARBERSHOP\web\node_modules\@babel\parser\lib\index.js:10801:39
      at JSXParserMixin.allowInAnd (C:\Users\PC\OneDrive - UNINTER - Aluno\Área de Trabalho\barber\BARBERSHOP\web\node_modules\@babel\parser\lib\index.js:12450:16)
      at JSXParserMixin.parseExpression (C:\Users\PC\OneDrive - UNINTER - Aluno\Área de Trabalho\barber\BARBERSHOP\web\node_modules\@babel\parser\lib\index.js:10801:17)
      at JSXParserMixin.parseReturnStatement (C:\Users\PC\OneDrive - UNINTER - Aluno\Área de Trabalho\barber\BARBERSHOP\web\node_modules\@babel\parser\lib\index.js:13171:28)
      at JSXParserMixin.parseStatementContent (C:\Users\PC\OneDrive - UNINTER - Aluno\Área de Trabalho\barber\BARBERSHOP\web\node_modules\@babel\parser\lib\index.js:12827:21)
      at JSXParserMixin.parseStatementLike (C:\Users\PC\OneDrive - UNINTER - Aluno\Área de Trabalho\barber\BARBERSHOP\web\node_modules\@babel\parser\lib\index.js:12796:17)
      at JSXParserMixin.parseStatementListItem (C:\Users\PC\OneDrive - UNINTER - Aluno\Área de Trabalho\barber\BARBERSHOP\web\node_modules\@babel\parser\lib\index.js:12776:17)
      at JSXParserMixin.parseBlockOrModuleBlockBody (C:\Users\PC\OneDrive - UNINTER - Aluno\Área de Trabalho\barber\BARBERSHOP\web\node_modules\@babel\parser\lib\index.js:13345:61)
      at JSXParserMixin.parseBlockBody (C:\Users\PC\OneDrive - UNINTER - Aluno\Área de Trabalho\barber\BARBERSHOP\web\node_modules\@babel\parser\lib\index.js:13338:10)
      at JSXParserMixin.parseBlock (C:\Users\PC\OneDrive - UNINTER - Aluno\Área de Trabalho\barber\BARBERSHOP\web\node_modules\@babel\parser\lib\index.js:13326:10)
      at JSXParserMixin.parseFunctionBody (C:\Users\PC\OneDrive - UNINTER - Aluno\Área de Trabalho\barber\BARBERSHOP\web\node_modules\@babel\parser\lib\index.js:12129:24)
      at JSXParserMixin.parseFunctionBodyAndFinish (C:\Users\PC\OneDrive - UNINTER - Aluno\Área de Trabalho\barber\BARBERSHOP\web\node_modules\@babel\parser\lib\index.js:12115:10)
      at C:\Users\PC\OneDrive - UNINTER - Aluno\Área de Trabalho\barber\BARBERSHOP\web\node_modules\@babel\parser\lib\index.js:13474:12
      at JSXParserMixin.withSmartMixTopicForbiddingContext (C:\Users\PC\OneDrive - UNINTER - Aluno\Área de Trabalho\barber\BARBERSHOP\web\node_modules\@babel\parser\lib\index.js:12432:14)
      at JSXParserMixin.parseFunction (C:\Users\PC\OneDrive - UNINTER - Aluno\Área de Trabalho\barber\BARBERSHOP\web\node_modules\@babel\parser\lib\index.js:13473:10)
      at JSXParserMixin.parseFunctionStatement (C:\Users\PC\OneDrive - UNINTER - Aluno\Área de Trabalho\barber\BARBERSHOP\web\node_modules\@babel\parser\lib\index.js:13154:17)
      at JSXParserMixin.parseStatementContent (C:\Users\PC\OneDrive - UNINTER - Aluno\Área de Trabalho\barber\BARBERSHOP\web\node_modules\@babel\parser\lib\index.js:12820:21)
      at JSXParserMixin.parseStatementLike (C:\Users\PC\OneDrive - UNINTER - Aluno\Área de Trabalho\barber\BARBERSHOP\web\node_modules\@babel\parser\lib\index.js:12796:17)
      at JSXParserMixin.parseModuleItem (C:\Users\PC\OneDrive - UNINTER - Aluno\Área de Trabalho\barber\BARBERSHOP\web\node_modules\@babel\parser\lib\index.js:12773:17)
      at JSXParserMixin.parseBlockOrModuleBlockBody (C:\Users\PC\OneDrive - UNINTER - Aluno\Área de Trabalho\barber\BARBERSHOP\web\node_modules\@babel\parser\lib\index.js:13345:36)
      at JSXParserMixin.parseBlockBody (C:\Users\PC\OneDrive - UNINTER - Aluno\Área de Trabalho\barber\BARBERSHOP\web\node_modules\@babel\parser\lib\index.js:13338:10)
[2m19:04:21[22m [31m[1m[vite][22m[39m [31mInternal server error: C:\Users\PC\OneDrive - UNINTER - Aluno\Área de Trabalho\barber\BARBERSHOP\web\src\pages\Home.jsx: Unexpected token (137:36)

[0m [90m 135 |[31m         [33m<[31m[33m/[31m[33msection[31m[33m>[31m
 [90m 136 |[31m
[31m[1m>[22m[31m[90m 137 |[31m         {[90m/* ======= REST ======= */[31m}
 [90m     |[31m                                     [31m[1m^[22m[31m[0m[39m
  Plugin: [35mvite:react-babel[39m
  File: [36mC:/Users/PC/OneDrive - UNINTER - Aluno/Área de Trabalho/barber/BARBERSHOP/web/src/pages/Home.jsx[39m:137:36
      at constructor (C:\Users\PC\OneDrive - UNINTER - Aluno\Área de Trabalho\barber\BARBERSHOP\web\node_modules\@babel\parser\lib\index.js:369:19)
      at JSXParserMixin.raise (C:\Users\PC\OneDrive - UNINTER - Aluno\Área de Trabalho\barber\BARBERSHOP\web\node_modules\@babel\parser\lib\index.js:6620:19)
      at JSXParserMixin.unexpected (C:\Users\PC\OneDrive - UNINTER - Aluno\Área de Trabalho\barber\BARBERSHOP\web\node_modules\@babel\parser\lib\index.js:6640:16)
      at JSXParserMixin.jsxParseElementAt (C:\Users\PC\OneDrive - UNINTER - Aluno\Área de Trabalho\barber\BARBERSHOP\web\node_modules\@babel\parser\lib\index.js:4732:18)
      at JSXParserMixin.jsxParseElementAt (C:\Users\PC\OneDrive - UNINTER - Aluno\Área de Trabalho\barber\BARBERSHOP\web\node_modules\@babel\parser\lib\index.js:4714:32)
      at JSXParserMixin.jsxParseElement (C:\Users\PC\OneDrive - UNINTER - Aluno\Área de Trabalho\barber\BARBERSHOP\web\node_modules\@babel\parser\lib\index.js:4765:17)
      at JSXParserMixin.parseExprAtom (C:\Users\PC\OneDrive - UNINTER - Aluno\Área de Trabalho\barber\BARBERSHOP\web\node_modules\@babel\parser\lib\index.js:4775:19)
      at JSXParserMixin.parseExprSubscripts (C:\Users\PC\OneDrive - UNINTER - Aluno\Área de Trabalho\barber\BARBERSHOP\web\node_modules\@babel\parser\lib\index.js:11102:23)
      at JSXParserMixin.parseUpdate (C:\Users\PC\OneDrive - UNINTER - Aluno\Área de Trabalho\barber\BARBERSHOP\web\node_modules\@babel\parser\lib\index.js:11087:21)
      at JSXParserMixin.parseMaybeUnary (C:\Users\PC\OneDrive - UNINTER - Aluno\Área de Trabalho\barber\BARBERSHOP\web\node_modules\@babel\parser\lib\index.js:11067:23)
      at JSXParserMixin.parseMaybeUnaryOrPrivate (C:\Users\PC\OneDrive - UNINTER - Aluno\Área de Trabalho\barber\BARBERSHOP\web\node_modules\@babel\parser\lib\index.js:10920:61)
      at JSXParserMixin.parseExprOps (C:\Users\PC\OneDrive - UNINTER - Aluno\Área de Trabalho\barber\BARBERSHOP\web\node_modules\@babel\parser\lib\index.js:10925:23)
      at JSXParserMixin.parseMaybeConditional (C:\Users\PC\OneDrive - UNINTER - Aluno\Área de Trabalho\barber\BARBERSHOP\web\node_modules\@babel\parser\lib\index.js:10902:23)
      at JSXParserMixin.parseMaybeAssign (C:\Users\PC\OneDrive - UNINTER - Aluno\Área de Trabalho\barber\BARBERSHOP\web\node_modules\@babel\parser\lib\index.js:10852:21)
      at C:\Users\PC\OneDrive - UNINTER - Aluno\Área de Trabalho\barber\BARBERSHOP\web\node_modules\@babel\parser\lib\index.js:10821:39
      at JSXParserMixin.allowInAnd (C:\Users\PC\OneDrive - UNINTER - Aluno\Área de Trabalho\barber\BARBERSHOP\web\node_modules\@babel\parser\lib\index.js:12455:12)
      at JSXParserMixin.parseMaybeAssignAllowIn (C:\Users\PC\OneDrive - UNINTER - Aluno\Área de Trabalho\barber\BARBERSHOP\web\node_modules\@babel\parser\lib\index.js:10821:17)
      at JSXParserMixin.parseMaybeAssignAllowInOrVoidPattern (C:\Users\PC\OneDrive - UNINTER - Aluno\Área de Trabalho\barber\BARBERSHOP\web\node_modules\@babel\parser\lib\index.js:12522:17)
      at JSXParserMixin.parseParenAndDistinguishExpression (C:\Users\PC\OneDrive - UNINTER - Aluno\Área de Trabalho\barber\BARBERSHOP\web\node_modules\@babel\parser\lib\index.js:11701:28)
      at JSXParserMixin.parseExprAtom (C:\Users\PC\OneDrive - UNINTER - Aluno\Área de Trabalho\barber\BARBERSHOP\web\node_modules\@babel\parser\lib\index.js:11357:23)
      at JSXParserMixin.parseExprAtom (C:\Users\PC\OneDrive - UNINTER - Aluno\Área de Trabalho\barber\BARBERSHOP\web\node_modules\@babel\parser\lib\index.js:4780:20)
      at JSXParserMixin.parseExprSubscripts (C:\Users\PC\OneDrive - UNINTER - Aluno\Área de Trabalho\barber\BARBERSHOP\web\node_modules\@babel\parser\lib\index.js:11102:23)
      at JSXParserMixin.parseUpdate (C:\Users\PC\OneDrive - UNINTER - Aluno\Área de Trabalho\barber\BARBERSHOP\web\node_modules\@babel\parser\lib\index.js:11087:21)
      at JSXParserMixin.parseMaybeUnary (C:\Users\PC\OneDrive - UNINTER - Aluno\Área de Trabalho\barber\BARBERSHOP\web\node_modules\@babel\parser\lib\index.js:11067:23)
      at JSXParserMixin.parseMaybeUnaryOrPrivate (C:\Users\PC\OneDrive - UNINTER - Aluno\Área de Trabalho\barber\BARBERSHOP\web\node_modules\@babel\parser\lib\index.js:10920:61)
      at JSXParserMixin.parseExprOps (C:\Users\PC\OneDrive - UNINTER - Aluno\Área de Trabalho\barber\BARBERSHOP\web\node_modules\@babel\parser\lib\index.js:10925:23)
      at JSXParserMixin.parseMaybeConditional (C:\Users\PC\OneDrive - UNINTER - Aluno\Área de Trabalho\barber\BARBERSHOP\web\node_modules\@babel\parser\lib\index.js:10902:23)
      at JSXParserMixin.parseMaybeAssign (C:\Users\PC\OneDrive - UNINTER - Aluno\Área de Trabalho\barber\BARBERSHOP\web\node_modules\@babel\parser\lib\index.js:10852:21)
      at JSXParserMixin.parseExpressionBase (C:\Users\PC\OneDrive - UNINTER - Aluno\Área de Trabalho\barber\BARBERSHOP\web\node_modules\@babel\parser\lib\index.js:10805:23)
      at C:\Users\PC\OneDrive - UNINTER - Aluno\Área de Trabalho\barber\BARBERSHOP\web\node_modules\@babel\parser\lib\index.js:10801:39
      at JSXParserMixin.allowInAnd (C:\Users\PC\OneDrive - UNINTER - Aluno\Área de Trabalho\barber\BARBERSHOP\web\node_modules\@babel\parser\lib\index.js:12450:16)
      at JSXParserMixin.parseExpression (C:\Users\PC\OneDrive - UNINTER - Aluno\Área de Trabalho\barber\BARBERSHOP\web\node_modules\@babel\parser\lib\index.js:10801:17)
      at JSXParserMixin.parseReturnStatement (C:\Users\PC\OneDrive - UNINTER - Aluno\Área de Trabalho\barber\BARBERSHOP\web\node_modules\@babel\parser\lib\index.js:13171:28)
      at JSXParserMixin.parseStatementContent (C:\Users\PC\OneDrive - UNINTER - Aluno\Área de Trabalho\barber\BARBERSHOP\web\node_modules\@babel\parser\lib\index.js:12827:21)
      at JSXParserMixin.parseStatementLike (C:\Users\PC\OneDrive - UNINTER - Aluno\Área de Trabalho\barber\BARBERSHOP\web\node_modules\@babel\parser\lib\index.js:12796:17)
      at JSXParserMixin.parseStatementListItem (C:\Users\PC\OneDrive - UNINTER - Aluno\Área de Trabalho\barber\BARBERSHOP\web\node_modules\@babel\parser\lib\index.js:12776:17)
      at JSXParserMixin.parseBlockOrModuleBlockBody (C:\Users\PC\OneDrive - UNINTER - Aluno\Área de Trabalho\barber\BARBERSHOP\web\node_modules\@babel\parser\lib\index.js:13345:61)
      at JSXParserMixin.parseBlockBody (C:\Users\PC\OneDrive - UNINTER - Aluno\Área de Trabalho\barber\BARBERSHOP\web\node_modules\@babel\parser\lib\index.js:13338:10)
      at JSXParserMixin.parseBlock (C:\Users\PC\OneDrive - UNINTER - Aluno\Área de Trabalho\barber\BARBERSHOP\web\node_modules\@babel\parser\lib\index.js:13326:10)
      at JSXParserMixin.parseFunctionBody (C:\Users\PC\OneDrive - UNINTER - Aluno\Área de Trabalho\barber\BARBERSHOP\web\node_modules\@babel\parser\lib\index.js:12129:24)
      at JSXParserMixin.parseFunctionBodyAndFinish (C:\Users\PC\OneDrive - UNINTER - Aluno\Área de Trabalho\barber\BARBERSHOP\web\node_modules\@babel\parser\lib\index.js:12115:10)
      at C:\Users\PC\OneDrive - UNINTER - Aluno\Área de Trabalho\barber\BARBERSHOP\web\node_modules\@babel\parser\lib\index.js:13474:12
      at JSXParserMixin.withSmartMixTopicForbiddingContext (C:\Users\PC\OneDrive - UNINTER - Aluno\Área de Trabalho\barber\BARBERSHOP\web\node_modules\@babel\parser\lib\index.js:12432:14)
      at JSXParserMixin.parseFunction (C:\Users\PC\OneDrive - UNINTER - Aluno\Área de Trabalho\barber\BARBERSHOP\web\node_modules\@babel\parser\lib\index.js:13473:10)
      at JSXParserMixin.parseFunctionStatement (C:\Users\PC\OneDrive - UNINTER - Aluno\Área de Trabalho\barber\BARBERSHOP\web\node_modules\@babel\parser\lib\index.js:13154:17)
      at JSXParserMixin.parseStatementContent (C:\Users\PC\OneDrive - UNINTER - Aluno\Área de Trabalho\barber\BARBERSHOP\web\node_modules\@babel\parser\lib\index.js:12820:21)
      at JSXParserMixin.parseStatementLike (C:\Users\PC\OneDrive - UNINTER - Aluno\Área de Trabalho\barber\BARBERSHOP\web\node_modules\@babel\parser\lib\index.js:12796:17)
      at JSXParserMixin.parseModuleItem (C:\Users\PC\OneDrive - UNINTER - Aluno\Área de Trabalho\barber\BARBERSHOP\web\node_modules\@babel\parser\lib\index.js:12773:17)
      at JSXParserMixin.parseBlockOrModuleBlockBody (C:\Users\PC\OneDrive - UNINTER - Aluno\Área de Trabalho\barber\BARBERSHOP\web\node_modules\@babel\parser\lib\index.js:13345:36)
      at JSXParserMixin.parseBlockBody (C:\Users\PC\OneDrive - UNINTER - Aluno\Área de Trabalho\barber\BARBERSHOP\web\node_modules\@babel\parser\lib\index.js:13338:10)
[2m19:04:34[22m [31m[1m[vite][22m[39m [31mInternal server error: C:\Users\PC\OneDrive - UNINTER - Aluno\Área de Trabalho\barber\BARBERSHOP\web\src\pages\Home.jsx: Unexpected token (227:39)

[0m [90m 225 |[31m         [33m<[31m[33m/[31m[33msection[31m[33m>[31m
 [90m 226 |[31m
[31m[1m>[22m[31m[90m 227 |[31m         {[90m/* ======= REVIEWS ======= */[31m}
 [90m     |[31m                                        [31m[1m^[22m[31m[0m[39m
  Plugin: [35mvite:react-babel[39m
  File: [36mC:/Users/PC/OneDrive - UNINTER - Aluno/Área de Trabalho/barber/BARBERSHOP/web/src/pages/Home.jsx[39m:227:39
      at constructor (C:\Users\PC\OneDrive - UNINTER - Aluno\Área de Trabalho\barber\BARBERSHOP\web\node_modules\@babel\parser\lib\index.js:369:19)
      at JSXParserMixin.raise (C:\Users\PC\OneDrive - UNINTER - Aluno\Área de Trabalho\barber\BARBERSHOP\web\node_modules\@babel\parser\lib\index.js:6620:19)
      at JSXParserMixin.unexpected (C:\Users\PC\OneDrive - UNINTER - Aluno\Área de Trabalho\barber\BARBERSHOP\web\node_modules\@babel\parser\lib\index.js:6640:16)
      at JSXParserMixin.jsxParseElementAt (C:\Users\PC\OneDrive - UNINTER - Aluno\Área de Trabalho\barber\BARBERSHOP\web\node_modules\@babel\parser\lib\index.js:4732:18)
      at JSXParserMixin.jsxParseElementAt (C:\Users\PC\OneDrive - UNINTER - Aluno\Área de Trabalho\barber\BARBERSHOP\web\node_modules\@babel\parser\lib\index.js:4714:32)
      at JSXParserMixin.jsxParseElement (C:\Users\PC\OneDrive - UNINTER - Aluno\Área de Trabalho\barber\BARBERSHOP\web\node_modules\@babel\parser\lib\index.js:4765:17)
      at JSXParserMixin.parseExprAtom (C:\Users\PC\OneDrive - UNINTER - Aluno\Área de Trabalho\barber\BARBERSHOP\web\node_modules\@babel\parser\lib\index.js:4775:19)
      at JSXParserMixin.parseExprSubscripts (C:\Users\PC\OneDrive - UNINTER - Aluno\Área de Trabalho\barber\BARBERSHOP\web\node_modules\@babel\parser\lib\index.js:11102:23)
      at JSXParserMixin.parseUpdate (C:\Users\PC\OneDrive - UNINTER - Aluno\Área de Trabalho\barber\BARBERSHOP\web\node_modules\@babel\parser\lib\index.js:11087:21)
      at JSXParserMixin.parseMaybeUnary (C:\Users\PC\OneDrive - UNINTER - Aluno\Área de Trabalho\barber\BARBERSHOP\web\node_modules\@babel\parser\lib\index.js:11067:23)
      at JSXParserMixin.parseMaybeUnaryOrPrivate (C:\Users\PC\OneDrive - UNINTER - Aluno\Área de Trabalho\barber\BARBERSHOP\web\node_modules\@babel\parser\lib\index.js:10920:61)
      at JSXParserMixin.parseExprOps (C:\Users\PC\OneDrive - UNINTER - Aluno\Área de Trabalho\barber\BARBERSHOP\web\node_modules\@babel\parser\lib\index.js:10925:23)
      at JSXParserMixin.parseMaybeConditional (C:\Users\PC\OneDrive - UNINTER - Aluno\Área de Trabalho\barber\BARBERSHOP\web\node_modules\@babel\parser\lib\index.js:10902:23)
      at JSXParserMixin.parseMaybeAssign (C:\Users\PC\OneDrive - UNINTER - Aluno\Área de Trabalho\barber\BARBERSHOP\web\node_modules\@babel\parser\lib\index.js:10852:21)
      at C:\Users\PC\OneDrive - UNINTER - Aluno\Área de Trabalho\barber\BARBERSHOP\web\node_modules\@babel\parser\lib\index.js:10821:39
      at JSXParserMixin.allowInAnd (C:\Users\PC\OneDrive - UNINTER - Aluno\Área de Trabalho\barber\BARBERSHOP\web\node_modules\@babel\parser\lib\index.js:12455:12)
      at JSXParserMixin.parseMaybeAssignAllowIn (C:\Users\PC\OneDrive - UNINTER - Aluno\Área de Trabalho\barber\BARBERSHOP\web\node_modules\@babel\parser\lib\index.js:10821:17)
      at JSXParserMixin.parseMaybeAssignAllowInOrVoidPattern (C:\Users\PC\OneDrive - UNINTER - Aluno\Área de Trabalho\barber\BARBERSHOP\web\node_modules\@babel\parser\lib\index.js:12522:17)
      at JSXParserMixin.parseParenAndDistinguishExpression (C:\Users\PC\OneDrive - UNINTER - Aluno\Área de Trabalho\barber\BARBERSHOP\web\node_modules\@babel\parser\lib\index.js:11701:28)
      at JSXParserMixin.parseExprAtom (C:\Users\PC\OneDrive - UNINTER - Aluno\Área de Trabalho\barber\BARBERSHOP\web\node_modules\@babel\parser\lib\index.js:11357:23)
      at JSXParserMixin.parseExprAtom (C:\Users\PC\OneDrive - UNINTER - Aluno\Área de Trabalho\barber\BARBERSHOP\web\node_modules\@babel\parser\lib\index.js:4780:20)
      at JSXParserMixin.parseExprSubscripts (C:\Users\PC\OneDrive - UNINTER - Aluno\Área de Trabalho\barber\BARBERSHOP\web\node_modules\@babel\parser\lib\index.js:11102:23)
      at JSXParserMixin.parseUpdate (C:\Users\PC\OneDrive - UNINTER - Aluno\Área de Trabalho\barber\BARBERSHOP\web\node_modules\@babel\parser\lib\index.js:11087:21)
      at JSXParserMixin.parseMaybeUnary (C:\Users\PC\OneDrive - UNINTER - Aluno\Área de Trabalho\barber\BARBERSHOP\web\node_modules\@babel\parser\lib\index.js:11067:23)
      at JSXParserMixin.parseMaybeUnaryOrPrivate (C:\Users\PC\OneDrive - UNINTER - Aluno\Área de Trabalho\barber\BARBERSHOP\web\node_modules\@babel\parser\lib\index.js:10920:61)
      at JSXParserMixin.parseExprOps (C:\Users\PC\OneDrive - UNINTER - Aluno\Área de Trabalho\barber\BARBERSHOP\web\node_modules\@babel\parser\lib\index.js:10925:23)
      at JSXParserMixin.parseMaybeConditional (C:\Users\PC\OneDrive - UNINTER - Aluno\Área de Trabalho\barber\BARBERSHOP\web\node_modules\@babel\parser\lib\index.js:10902:23)
      at JSXParserMixin.parseMaybeAssign (C:\Users\PC\OneDrive - UNINTER - Aluno\Área de Trabalho\barber\BARBERSHOP\web\node_modules\@babel\parser\lib\index.js:10852:21)
      at JSXParserMixin.parseExpressionBase (C:\Users\PC\OneDrive - UNINTER - Aluno\Área de Trabalho\barber\BARBERSHOP\web\node_modules\@babel\parser\lib\index.js:10805:23)
      at C:\Users\PC\OneDrive - UNINTER - Aluno\Área de Trabalho\barber\BARBERSHOP\web\node_modules\@babel\parser\lib\index.js:10801:39
      at JSXParserMixin.allowInAnd (C:\Users\PC\OneDrive - UNINTER - Aluno\Área de Trabalho\barber\BARBERSHOP\web\node_modules\@babel\parser\lib\index.js:12450:16)
      at JSXParserMixin.parseExpression (C:\Users\PC\OneDrive - UNINTER - Aluno\Área de Trabalho\barber\BARBERSHOP\web\node_modules\@babel\parser\lib\index.js:10801:17)
      at JSXParserMixin.parseReturnStatement (C:\Users\PC\OneDrive - UNINTER - Aluno\Área de Trabalho\barber\BARBERSHOP\web\node_modules\@babel\parser\lib\index.js:13171:28)
      at JSXParserMixin.parseStatementContent (C:\Users\PC\OneDrive - UNINTER - Aluno\Área de Trabalho\barber\BARBERSHOP\web\node_modules\@babel\parser\lib\index.js:12827:21)
      at JSXParserMixin.parseStatementLike (C:\Users\PC\OneDrive - UNINTER - Aluno\Área de Trabalho\barber\BARBERSHOP\web\node_modules\@babel\parser\lib\index.js:12796:17)
      at JSXParserMixin.parseStatementListItem (C:\Users\PC\OneDrive - UNINTER - Aluno\Área de Trabalho\barber\BARBERSHOP\web\node_modules\@babel\parser\lib\index.js:12776:17)
      at JSXParserMixin.parseBlockOrModuleBlockBody (C:\Users\PC\OneDrive - UNINTER - Aluno\Área de Trabalho\barber\BARBERSHOP\web\node_modules\@babel\parser\lib\index.js:13345:61)
      at JSXParserMixin.parseBlockBody (C:\Users\PC\OneDrive - UNINTER - Aluno\Área de Trabalho\barber\BARBERSHOP\web\node_modules\@babel\parser\lib\index.js:13338:10)
      at JSXParserMixin.parseBlock (C:\Users\PC\OneDrive - UNINTER - Aluno\Área de Trabalho\barber\BARBERSHOP\web\node_modules\@babel\parser\lib\index.js:13326:10)
      at JSXParserMixin.parseFunctionBody (C:\Users\PC\OneDrive - UNINTER - Aluno\Área de Trabalho\barber\BARBERSHOP\web\node_modules\@babel\parser\lib\index.js:12129:24)
      at JSXParserMixin.parseFunctionBodyAndFinish (C:\Users\PC\OneDrive - UNINTER - Aluno\Área de Trabalho\barber\BARBERSHOP\web\node_modules\@babel\parser\lib\index.js:12115:10)
      at C:\Users\PC\OneDrive - UNINTER - Aluno\Área de Trabalho\barber\BARBERSHOP\web\node_modules\@babel\parser\lib\index.js:13474:12
      at JSXParserMixin.withSmartMixTopicForbiddingContext (C:\Users\PC\OneDrive - UNINTER - Aluno\Área de Trabalho\barber\BARBERSHOP\web\node_modules\@babel\parser\lib\index.js:12432:14)
      at JSXParserMixin.parseFunction (C:\Users\PC\OneDrive - UNINTER - Aluno\Área de Trabalho\barber\BARBERSHOP\web\node_modules\@babel\parser\lib\index.js:13473:10)
      at JSXParserMixin.parseFunctionStatement (C:\Users\PC\OneDrive - UNINTER - Aluno\Área de Trabalho\barber\BARBERSHOP\web\node_modules\@babel\parser\lib\index.js:13154:17)
      at JSXParserMixin.parseStatementContent (C:\Users\PC\OneDrive - UNINTER - Aluno\Área de Trabalho\barber\BARBERSHOP\web\node_modules\@babel\parser\lib\index.js:12820:21)
      at JSXParserMixin.parseStatementLike (C:\Users\PC\OneDrive - UNINTER - Aluno\Área de Trabalho\barber\BARBERSHOP\web\node_modules\@babel\parser\lib\index.js:12796:17)
      at JSXParserMixin.parseModuleItem (C:\Users\PC\OneDrive - UNINTER - Aluno\Área de Trabalho\barber\BARBERSHOP\web\node_modules\@babel\parser\lib\index.js:12773:17)
      at JSXParserMixin.parseBlockOrModuleBlockBody (C:\Users\PC\OneDrive - UNINTER - Aluno\Área de Trabalho\barber\BARBERSHOP\web\node_modules\@babel\parser\lib\index.js:13345:36)
      at JSXParserMixin.parseBlockBody (C:\Users\PC\OneDrive - UNINTER - Aluno\Área de Trabalho\barber\BARBERSHOP\web\node_modules\@babel\parser\lib\index.js:13338:10)
[2m19:04:34[22m [31m[1m[vite][22m[39m [31mInternal server error: C:\Users\PC\OneDrive - UNINTER - Aluno\Área de Trabalho\barber\BARBERSHOP\web\src\pages\Home.jsx: Unexpected token (227:39)

[0m [90m 225 |[31m         [33m<[31m[33m/[31m[33msection[31m[33m>[31m
 [90m 226 |[31m
[31m[1m>[22m[31m[90m 227 |[31m         {[90m/* ======= REVIEWS ======= */[31m}
 [90m     |[31m                                        [31m[1m^[22m[31m[0m[39m
  Plugin: [35mvite:react-babel[39m
  File: [36mC:/Users/PC/OneDrive - UNINTER - Aluno/Área de Trabalho/barber/BARBERSHOP/web/src/pages/Home.jsx[39m:227:39
      at constructor (C:\Users\PC\OneDrive - UNINTER - Aluno\Área de Trabalho\barber\BARBERSHOP\web\node_modules\@babel\parser\lib\index.js:369:19)
      at JSXParserMixin.raise (C:\Users\PC\OneDrive - UNINTER - Aluno\Área de Trabalho\barber\BARBERSHOP\web\node_modules\@babel\parser\lib\index.js:6620:19)
      at JSXParserMixin.unexpected (C:\Users\PC\OneDrive - UNINTER - Aluno\Área de Trabalho\barber\BARBERSHOP\web\node_modules\@babel\parser\lib\index.js:6640:16)
      at JSXParserMixin.jsxParseElementAt (C:\Users\PC\OneDrive - UNINTER - Aluno\Área de Trabalho\barber\BARBERSHOP\web\node_modules\@babel\parser\lib\index.js:4732:18)
      at JSXParserMixin.jsxParseElementAt (C:\Users\PC\OneDrive - UNINTER - Aluno\Área de Trabalho\barber\BARBERSHOP\web\node_modules\@babel\parser\lib\index.js:4714:32)
      at JSXParserMixin.jsxParseElement (C:\Users\PC\OneDrive - UNINTER - Aluno\Área de Trabalho\barber\BARBERSHOP\web\node_modules\@babel\parser\lib\index.js:4765:17)
      at JSXParserMixin.parseExprAtom (C:\Users\PC\OneDrive - UNINTER - Aluno\Área de Trabalho\barber\BARBERSHOP\web\node_modules\@babel\parser\lib\index.js:4775:19)
      at JSXParserMixin.parseExprSubscripts (C:\Users\PC\OneDrive - UNINTER - Aluno\Área de Trabalho\barber\BARBERSHOP\web\node_modules\@babel\parser\lib\index.js:11102:23)
      at JSXParserMixin.parseUpdate (C:\Users\PC\OneDrive - UNINTER - Aluno\Área de Trabalho\barber\BARBERSHOP\web\node_modules\@babel\parser\lib\index.js:11087:21)
      at JSXParserMixin.parseMaybeUnary (C:\Users\PC\OneDrive - UNINTER - Aluno\Área de Trabalho\barber\BARBERSHOP\web\node_modules\@babel\parser\lib\index.js:11067:23)
      at JSXParserMixin.parseMaybeUnaryOrPrivate (C:\Users\PC\OneDrive - UNINTER - Aluno\Área de Trabalho\barber\BARBERSHOP\web\node_modules\@babel\parser\lib\index.js:10920:61)
      at JSXParserMixin.parseExprOps (C:\Users\PC\OneDrive - UNINTER - Aluno\Área de Trabalho\barber\BARBERSHOP\web\node_modules\@babel\parser\lib\index.js:10925:23)
      at JSXParserMixin.parseMaybeConditional (C:\Users\PC\OneDrive - UNINTER - Aluno\Área de Trabalho\barber\BARBERSHOP\web\node_modules\@babel\parser\lib\index.js:10902:23)
      at JSXParserMixin.parseMaybeAssign (C:\Users\PC\OneDrive - UNINTER - Aluno\Área de Trabalho\barber\BARBERSHOP\web\node_modules\@babel\parser\lib\index.js:10852:21)
      at C:\Users\PC\OneDrive - UNINTER - Aluno\Área de Trabalho\barber\BARBERSHOP\web\node_modules\@babel\parser\lib\index.js:10821:39
      at JSXParserMixin.allowInAnd (C:\Users\PC\OneDrive - UNINTER - Aluno\Área de Trabalho\barber\BARBERSHOP\web\node_modules\@babel\parser\lib\index.js:12455:12)
      at JSXParserMixin.parseMaybeAssignAllowIn (C:\Users\PC\OneDrive - UNINTER - Aluno\Área de Trabalho\barber\BARBERSHOP\web\node_modules\@babel\parser\lib\index.js:10821:17)
      at JSXParserMixin.parseMaybeAssignAllowInOrVoidPattern (C:\Users\PC\OneDrive - UNINTER - Aluno\Área de Trabalho\barber\BARBERSHOP\web\node_modules\@babel\parser\lib\index.js:12522:17)
      at JSXParserMixin.parseParenAndDistinguishExpression (C:\Users\PC\OneDrive - UNINTER - Aluno\Área de Trabalho\barber\BARBERSHOP\web\node_modules\@babel\parser\lib\index.js:11701:28)
      at JSXParserMixin.parseExprAtom (C:\Users\PC\OneDrive - UNINTER - Aluno\Área de Trabalho\barber\BARBERSHOP\web\node_modules\@babel\parser\lib\index.js:11357:23)
      at JSXParserMixin.parseExprAtom (C:\Users\PC\OneDrive - UNINTER - Aluno\Área de Trabalho\barber\BARBERSHOP\web\node_modules\@babel\parser\lib\index.js:4780:20)
      at JSXParserMixin.parseExprSubscripts (C:\Users\PC\OneDrive - UNINTER - Aluno\Área de Trabalho\barber\BARBERSHOP\web\node_modules\@babel\parser\lib\index.js:11102:23)
      at JSXParserMixin.parseUpdate (C:\Users\PC\OneDrive - UNINTER - Aluno\Área de Trabalho\barber\BARBERSHOP\web\node_modules\@babel\parser\lib\index.js:11087:21)
      at JSXParserMixin.parseMaybeUnary (C:\Users\PC\OneDrive - UNINTER - Aluno\Área de Trabalho\barber\BARBERSHOP\web\node_modules\@babel\parser\lib\index.js:11067:23)
      at JSXParserMixin.parseMaybeUnaryOrPrivate (C:\Users\PC\OneDrive - UNINTER - Aluno\Área de Trabalho\barber\BARBERSHOP\web\node_modules\@babel\parser\lib\index.js:10920:61)
      at JSXParserMixin.parseExprOps (C:\Users\PC\OneDrive - UNINTER - Aluno\Área de Trabalho\barber\BARBERSHOP\web\node_modules\@babel\parser\lib\index.js:10925:23)
      at JSXParserMixin.parseMaybeConditional (C:\Users\PC\OneDrive - UNINTER - Aluno\Área de Trabalho\barber\BARBERSHOP\web\node_modules\@babel\parser\lib\index.js:10902:23)
      at JSXParserMixin.parseMaybeAssign (C:\Users\PC\OneDrive - UNINTER - Aluno\Área de Trabalho\barber\BARBERSHOP\web\node_modules\@babel\parser\lib\index.js:10852:21)
      at JSXParserMixin.parseExpressionBase (C:\Users\PC\OneDrive - UNINTER - Aluno\Área de Trabalho\barber\BARBERSHOP\web\node_modules\@babel\parser\lib\index.js:10805:23)
      at C:\Users\PC\OneDrive - UNINTER - Aluno\Área de Trabalho\barber\BARBERSHOP\web\node_modules\@babel\parser\lib\index.js:10801:39
      at JSXParserMixin.allowInAnd (C:\Users\PC\OneDrive - UNINTER - Aluno\Área de Trabalho\barber\BARBERSHOP\web\node_modules\@babel\parser\lib\index.js:12450:16)
      at JSXParserMixin.parseExpression (C:\Users\PC\OneDrive - UNINTER - Aluno\Área de Trabalho\barber\BARBERSHOP\web\node_modules\@babel\parser\lib\index.js:10801:17)
      at JSXParserMixin.parseReturnStatement (C:\Users\PC\OneDrive - UNINTER - Aluno\Área de Trabalho\barber\BARBERSHOP\web\node_modules\@babel\parser\lib\index.js:13171:28)
      at JSXParserMixin.parseStatementContent (C:\Users\PC\OneDrive - UNINTER - Aluno\Área de Trabalho\barber\BARBERSHOP\web\node_modules\@babel\parser\lib\index.js:12827:21)
      at JSXParserMixin.parseStatementLike (C:\Users\PC\OneDrive - UNINTER - Aluno\Área de Trabalho\barber\BARBERSHOP\web\node_modules\@babel\parser\lib\index.js:12796:17)
      at JSXParserMixin.parseStatementListItem (C:\Users\PC\OneDrive - UNINTER - Aluno\Área de Trabalho\barber\BARBERSHOP\web\node_modules\@babel\parser\lib\index.js:12776:17)
      at JSXParserMixin.parseBlockOrModuleBlockBody (C:\Users\PC\OneDrive - UNINTER - Aluno\Área de Trabalho\barber\BARBERSHOP\web\node_modules\@babel\parser\lib\index.js:13345:61)
      at JSXParserMixin.parseBlockBody (C:\Users\PC\OneDrive - UNINTER - Aluno\Área de Trabalho\barber\BARBERSHOP\web\node_modules\@babel\parser\lib\index.js:13338:10)
      at JSXParserMixin.parseBlock (C:\Users\PC\OneDrive - UNINTER - Aluno\Área de Trabalho\barber\BARBERSHOP\web\node_modules\@babel\parser\lib\index.js:13326:10)
      at JSXParserMixin.parseFunctionBody (C:\Users\PC\OneDrive - UNINTER - Aluno\Área de Trabalho\barber\BARBERSHOP\web\node_modules\@babel\parser\lib\index.js:12129:24)
      at JSXParserMixin.parseFunctionBodyAndFinish (C:\Users\PC\OneDrive - UNINTER - Aluno\Área de Trabalho\barber\BARBERSHOP\web\node_modules\@babel\parser\lib\index.js:12115:10)
      at C:\Users\PC\OneDrive - UNINTER - Aluno\Área de Trabalho\barber\BARBERSHOP\web\node_modules\@babel\parser\lib\index.js:13474:12
      at JSXParserMixin.withSmartMixTopicForbiddingContext (C:\Users\PC\OneDrive - UNINTER - Aluno\Área de Trabalho\barber\BARBERSHOP\web\node_modules\@babel\parser\lib\index.js:12432:14)
      at JSXParserMixin.parseFunction (C:\Users\PC\OneDrive - UNINTER - Aluno\Área de Trabalho\barber\BARBERSHOP\web\node_modules\@babel\parser\lib\index.js:13473:10)
      at JSXParserMixin.parseFunctionStatement (C:\Users\PC\OneDrive - UNINTER - Aluno\Área de Trabalho\barber\BARBERSHOP\web\node_modules\@babel\parser\lib\index.js:13154:17)
      at JSXParserMixin.parseStatementContent (C:\Users\PC\OneDrive - UNINTER - Aluno\Área de Trabalho\barber\BARBERSHOP\web\node_modules\@babel\parser\lib\index.js:12820:21)
      at JSXParserMixin.parseStatementLike (C:\Users\PC\OneDrive - UNINTER - Aluno\Área de Trabalho\barber\BARBERSHOP\web\node_modules\@babel\parser\lib\index.js:12796:17)
      at JSXParserMixin.parseModuleItem (C:\Users\PC\OneDrive - UNINTER - Aluno\Área de Trabalho\barber\BARBERSHOP\web\node_modules\@babel\parser\lib\index.js:12773:17)
      at JSXParserMixin.parseBlockOrModuleBlockBody (C:\Users\PC\OneDrive - UNINTER - Aluno\Área de Trabalho\barber\BARBERSHOP\web\node_modules\@babel\parser\lib\index.js:13345:36)
      at JSXParserMixin.parseBlockBody (C:\Users\PC\OneDrive - UNINTER - Aluno\Área de Trabalho\barber\BARBERSHOP\web\node_modules\@babel\parser\lib\index.js:13338:10)
[2m19:04:34[22m [31m[1m[vite][22m[39m [31mInternal server error: C:\Users\PC\OneDrive - UNINTER - Aluno\Área de Trabalho\barber\BARBERSHOP\web\src\pages\Home.jsx: Unexpected token (227:39)

[0m [90m 225 |[31m         [33m<[31m[33m/[31m[33msection[31m[33m>[31m
 [90m 226 |[31m
[31m[1m>[22m[31m[90m 227 |[31m         {[90m/* ======= REVIEWS ======= */[31m}
 [90m     |[31m                                        [31m[1m^[22m[31m[0m[39m
  Plugin: [35mvite:react-babel[39m
  File: [36mC:/Users/PC/OneDrive - UNINTER - Aluno/Área de Trabalho/barber/BARBERSHOP/web/src/pages/Home.jsx[39m:227:39
      at constructor (C:\Users\PC\OneDrive - UNINTER - Aluno\Área de Trabalho\barber\BARBERSHOP\web\node_modules\@babel\parser\lib\index.js:369:19)
      at JSXParserMixin.raise (C:\Users\PC\OneDrive - UNINTER - Aluno\Área de Trabalho\barber\BARBERSHOP\web\node_modules\@babel\parser\lib\index.js:6620:19)
      at JSXParserMixin.unexpected (C:\Users\PC\OneDrive - UNINTER - Aluno\Área de Trabalho\barber\BARBERSHOP\web\node_modules\@babel\parser\lib\index.js:6640:16)
      at JSXParserMixin.jsxParseElementAt (C:\Users\PC\OneDrive - UNINTER - Aluno\Área de Trabalho\barber\BARBERSHOP\web\node_modules\@babel\parser\lib\index.js:4732:18)
      at JSXParserMixin.jsxParseElementAt (C:\Users\PC\OneDrive - UNINTER - Aluno\Área de Trabalho\barber\BARBERSHOP\web\node_modules\@babel\parser\lib\index.js:4714:32)
      at JSXParserMixin.jsxParseElement (C:\Users\PC\OneDrive - UNINTER - Aluno\Área de Trabalho\barber\BARBERSHOP\web\node_modules\@babel\parser\lib\index.js:4765:17)
      at JSXParserMixin.parseExprAtom (C:\Users\PC\OneDrive - UNINTER - Aluno\Área de Trabalho\barber\BARBERSHOP\web\node_modules\@babel\parser\lib\index.js:4775:19)
      at JSXParserMixin.parseExprSubscripts (C:\Users\PC\OneDrive - UNINTER - Aluno\Área de Trabalho\barber\BARBERSHOP\web\node_modules\@babel\parser\lib\index.js:11102:23)
      at JSXParserMixin.parseUpdate (C:\Users\PC\OneDrive - UNINTER - Aluno\Área de Trabalho\barber\BARBERSHOP\web\node_modules\@babel\parser\lib\index.js:11087:21)
      at JSXParserMixin.parseMaybeUnary (C:\Users\PC\OneDrive - UNINTER - Aluno\Área de Trabalho\barber\BARBERSHOP\web\node_modules\@babel\parser\lib\index.js:11067:23)
      at JSXParserMixin.parseMaybeUnaryOrPrivate (C:\Users\PC\OneDrive - UNINTER - Aluno\Área de Trabalho\barber\BARBERSHOP\web\node_modules\@babel\parser\lib\index.js:10920:61)
      at JSXParserMixin.parseExprOps (C:\Users\PC\OneDrive - UNINTER - Aluno\Área de Trabalho\barber\BARBERSHOP\web\node_modules\@babel\parser\lib\index.js:10925:23)
      at JSXParserMixin.parseMaybeConditional (C:\Users\PC\OneDrive - UNINTER - Aluno\Área de Trabalho\barber\BARBERSHOP\web\node_modules\@babel\parser\lib\index.js:10902:23)
      at JSXParserMixin.parseMaybeAssign (C:\Users\PC\OneDrive - UNINTER - Aluno\Área de Trabalho\barber\BARBERSHOP\web\node_modules\@babel\parser\lib\index.js:10852:21)
      at C:\Users\PC\OneDrive - UNINTER - Aluno\Área de Trabalho\barber\BARBERSHOP\web\node_modules\@babel\parser\lib\index.js:10821:39
      at JSXParserMixin.allowInAnd (C:\Users\PC\OneDrive - UNINTER - Aluno\Área de Trabalho\barber\BARBERSHOP\web\node_modules\@babel\parser\lib\index.js:12455:12)
      at JSXParserMixin.parseMaybeAssignAllowIn (C:\Users\PC\OneDrive - UNINTER - Aluno\Área de Trabalho\barber\BARBERSHOP\web\node_modules\@babel\parser\lib\index.js:10821:17)
      at JSXParserMixin.parseMaybeAssignAllowInOrVoidPattern (C:\Users\PC\OneDrive - UNINTER - Aluno\Área de Trabalho\barber\BARBERSHOP\web\node_modules\@babel\parser\lib\index.js:12522:17)
      at JSXParserMixin.parseParenAndDistinguishExpression (C:\Users\PC\OneDrive - UNINTER - Aluno\Área de Trabalho\barber\BARBERSHOP\web\node_modules\@babel\parser\lib\index.js:11701:28)
      at JSXParserMixin.parseExprAtom (C:\Users\PC\OneDrive - UNINTER - Aluno\Área de Trabalho\barber\BARBERSHOP\web\node_modules\@babel\parser\lib\index.js:11357:23)
      at JSXParserMixin.parseExprAtom (C:\Users\PC\OneDrive - UNINTER - Aluno\Área de Trabalho\barber\BARBERSHOP\web\node_modules\@babel\parser\lib\index.js:4780:20)
      at JSXParserMixin.parseExprSubscripts (C:\Users\PC\OneDrive - UNINTER - Aluno\Área de Trabalho\barber\BARBERSHOP\web\node_modules\@babel\parser\lib\index.js:11102:23)
      at JSXParserMixin.parseUpdate (C:\Users\PC\OneDrive - UNINTER - Aluno\Área de Trabalho\barber\BARBERSHOP\web\node_modules\@babel\parser\lib\index.js:11087:21)
      at JSXParserMixin.parseMaybeUnary (C:\Users\PC\OneDrive - UNINTER - Aluno\Área de Trabalho\barber\BARBERSHOP\web\node_modules\@babel\parser\lib\index.js:11067:23)
      at JSXParserMixin.parseMaybeUnaryOrPrivate (C:\Users\PC\OneDrive - UNINTER - Aluno\Área de Trabalho\barber\BARBERSHOP\web\node_modules\@babel\parser\lib\index.js:10920:61)
      at JSXParserMixin.parseExprOps (C:\Users\PC\OneDrive - UNINTER - Aluno\Área de Trabalho\barber\BARBERSHOP\web\node_modules\@babel\parser\lib\index.js:10925:23)
      at JSXParserMixin.parseMaybeConditional (C:\Users\PC\OneDrive - UNINTER - Aluno\Área de Trabalho\barber\BARBERSHOP\web\node_modules\@babel\parser\lib\index.js:10902:23)
      at JSXParserMixin.parseMaybeAssign (C:\Users\PC\OneDrive - UNINTER - Aluno\Área de Trabalho\barber\BARBERSHOP\web\node_modules\@babel\parser\lib\index.js:10852:21)
      at JSXParserMixin.parseExpressionBase (C:\Users\PC\OneDrive - UNINTER - Aluno\Área de Trabalho\barber\BARBERSHOP\web\node_modules\@babel\parser\lib\index.js:10805:23)
      at C:\Users\PC\OneDrive - UNINTER - Aluno\Área de Trabalho\barber\BARBERSHOP\web\node_modules\@babel\parser\lib\index.js:10801:39
      at JSXParserMixin.allowInAnd (C:\Users\PC\OneDrive - UNINTER - Aluno\Área de Trabalho\barber\BARBERSHOP\web\node_modules\@babel\parser\lib\index.js:12450:16)
      at JSXParserMixin.parseExpression (C:\Users\PC\OneDrive - UNINTER - Aluno\Área de Trabalho\barber\BARBERSHOP\web\node_modules\@babel\parser\lib\index.js:10801:17)
      at JSXParserMixin.parseReturnStatement (C:\Users\PC\OneDrive - UNINTER - Aluno\Área de Trabalho\barber\BARBERSHOP\web\node_modules\@babel\parser\lib\index.js:13171:28)
      at JSXParserMixin.parseStatementContent (C:\Users\PC\OneDrive - UNINTER - Aluno\Área de Trabalho\barber\BARBERSHOP\web\node_modules\@babel\parser\lib\index.js:12827:21)
      at JSXParserMixin.parseStatementLike (C:\Users\PC\OneDrive - UNINTER - Aluno\Área de Trabalho\barber\BARBERSHOP\web\node_modules\@babel\parser\lib\index.js:12796:17)
      at JSXParserMixin.parseStatementListItem (C:\Users\PC\OneDrive - UNINTER - Aluno\Área de Trabalho\barber\BARBERSHOP\web\node_modules\@babel\parser\lib\index.js:12776:17)
      at JSXParserMixin.parseBlockOrModuleBlockBody (C:\Users\PC\OneDrive - UNINTER - Aluno\Área de Trabalho\barber\BARBERSHOP\web\node_modules\@babel\parser\lib\index.js:13345:61)
      at JSXParserMixin.parseBlockBody (C:\Users\PC\OneDrive - UNINTER - Aluno\Área de Trabalho\barber\BARBERSHOP\web\node_modules\@babel\parser\lib\index.js:13338:10)
      at JSXParserMixin.parseBlock (C:\Users\PC\OneDrive - UNINTER - Aluno\Área de Trabalho\barber\BARBERSHOP\web\node_modules\@babel\parser\lib\index.js:13326:10)
      at JSXParserMixin.parseFunctionBody (C:\Users\PC\OneDrive - UNINTER - Aluno\Área de Trabalho\barber\BARBERSHOP\web\node_modules\@babel\parser\lib\index.js:12129:24)
      at JSXParserMixin.parseFunctionBodyAndFinish (C:\Users\PC\OneDrive - UNINTER - Aluno\Área de Trabalho\barber\BARBERSHOP\web\node_modules\@babel\parser\lib\index.js:12115:10)
      at C:\Users\PC\OneDrive - UNINTER - Aluno\Área de Trabalho\barber\BARBERSHOP\web\node_modules\@babel\parser\lib\index.js:13474:12
      at JSXParserMixin.withSmartMixTopicForbiddingContext (C:\Users\PC\OneDrive - UNINTER - Aluno\Área de Trabalho\barber\BARBERSHOP\web\node_modules\@babel\parser\lib\index.js:12432:14)
      at JSXParserMixin.parseFunction (C:\Users\PC\OneDrive - UNINTER - Aluno\Área de Trabalho\barber\BARBERSHOP\web\node_modules\@babel\parser\lib\index.js:13473:10)
      at JSXParserMixin.parseFunctionStatement (C:\Users\PC\OneDrive - UNINTER - Aluno\Área de Trabalho\barber\BARBERSHOP\web\node_modules\@babel\parser\lib\index.js:13154:17)
      at JSXParserMixin.parseStatementContent (C:\Users\PC\OneDrive - UNINTER - Aluno\Área de Trabalho\barber\BARBERSHOP\web\node_modules\@babel\parser\lib\index.js:12820:21)
      at JSXParserMixin.parseStatementLike (C:\Users\PC\OneDrive - UNINTER - Aluno\Área de Trabalho\barber\BARBERSHOP\web\node_modules\@babel\parser\lib\index.js:12796:17)
      at JSXParserMixin.parseModuleItem (C:\Users\PC\OneDrive - UNINTER - Aluno\Área de Trabalho\barber\BARBERSHOP\web\node_modules\@babel\parser\lib\index.js:12773:17)
      at JSXParserMixin.parseBlockOrModuleBlockBody (C:\Users\PC\OneDrive - UNINTER - Aluno\Área de Trabalho\barber\BARBERSHOP\web\node_modules\@babel\parser\lib\index.js:13345:36)
      at JSXParserMixin.parseBlockBody (C:\Users\PC\OneDrive - UNINTER - Aluno\Área de Trabalho\barber\BARBERSHOP\web\node_modules\@babel\parser\lib\index.js:13338:10)
[2m19:05:42[22m [31m[1m[vite][22m[39m [31mInternal server error: C:\Users\PC\OneDrive - UNINTER - Aluno\Área de Trabalho\barber\BARBERSHOP\web\src\pages\Servicos.jsx: Unterminated JSX contents. (81:10)

[0m [90m 79 |[31m         ))}
 [90m 80 |[31m       [33m<[31m[33m/[31m[33msection[31m[33m>[31m
[31m[1m>[22m[31m[90m 81 |[31m     [33m<[31m[33m/[31m[33mdiv[31m[33m>[31m
 [90m    |[31m           [31m[1m^[22m[31m
 [90m 82 |[31m   )[33m;[31m
 [90m 83 |[31m }
 [90m 84 |[31m[0m[39m
  Plugin: [35mvite:react-babel[39m
  File: [36mC:/Users/PC/OneDrive - UNINTER - Aluno/Área de Trabalho/barber/BARBERSHOP/web/src/pages/Servicos.jsx[39m:81:10
      at constructor (C:\Users\PC\OneDrive - UNINTER - Aluno\Área de Trabalho\barber\BARBERSHOP\web\node_modules\@babel\parser\lib\index.js:369:19)
      at JSXParserMixin.raise (C:\Users\PC\OneDrive - UNINTER - Aluno\Área de Trabalho\barber\BARBERSHOP\web\node_modules\@babel\parser\lib\index.js:6620:19)
      at JSXParserMixin.jsxReadToken (C:\Users\PC\OneDrive - UNINTER - Aluno\Área de Trabalho\barber\BARBERSHOP\web\node_modules\@babel\parser\lib\index.js:4464:20)
      at JSXParserMixin.getTokenFromCode (C:\Users\PC\OneDrive - UNINTER - Aluno\Área de Trabalho\barber\BARBERSHOP\web\node_modules\@babel\parser\lib\index.js:4790:12)
      at JSXParserMixin.nextToken (C:\Users\PC\OneDrive - UNINTER - Aluno\Área de Trabalho\barber\BARBERSHOP\web\node_modules\@babel\parser\lib\index.js:5803:10)
      at JSXParserMixin.next (C:\Users\PC\OneDrive - UNINTER - Aluno\Área de Trabalho\barber\BARBERSHOP\web\node_modules\@babel\parser\lib\index.js:5713:10)
      at JSXParserMixin.eat (C:\Users\PC\OneDrive - UNINTER - Aluno\Área de Trabalho\barber\BARBERSHOP\web\node_modules\@babel\parser\lib\index.js:5717:12)
      at JSXParserMixin.expect (C:\Users\PC\OneDrive - UNINTER - Aluno\Área de Trabalho\barber\BARBERSHOP\web\node_modules\@babel\parser\lib\index.js:6919:15)
      at JSXParserMixin.jsxParseClosingElementAt (C:\Users\PC\OneDrive - UNINTER - Aluno\Área de Trabalho\barber\BARBERSHOP\web\node_modules\@babel\parser\lib\index.js:4696:10)
      at JSXParserMixin.jsxParseElementAt (C:\Users\PC\OneDrive - UNINTER - Aluno\Área de Trabalho\barber\BARBERSHOP\web\node_modules\@babel\parser\lib\index.js:4711:37)
      at JSXParserMixin.jsxParseElementAt (C:\Users\PC\OneDrive - UNINTER - Aluno\Área de Trabalho\barber\BARBERSHOP\web\node_modules\@babel\parser\lib\index.js:4714:32)
      at JSXParserMixin.jsxParseElement (C:\Users\PC\OneDrive - UNINTER - Aluno\Área de Trabalho\barber\BARBERSHOP\web\node_modules\@babel\parser\lib\index.js:4765:17)
      at JSXParserMixin.parseExprAtom (C:\Users\PC\OneDrive - UNINTER - Aluno\Área de Trabalho\barber\BARBERSHOP\web\node_modules\@babel\parser\lib\index.js:4775:19)
      at JSXParserMixin.parseExprSubscripts (C:\Users\PC\OneDrive - UNINTER - Aluno\Área de Trabalho\barber\BARBERSHOP\web\node_modules\@babel\parser\lib\index.js:11102:23)
      at JSXParserMixin.parseUpdate (C:\Users\PC\OneDrive - UNINTER - Aluno\Área de Trabalho\barber\BARBERSHOP\web\node_modules\@babel\parser\lib\index.js:11087:21)
      at JSXParserMixin.parseMaybeUnary (C:\Users\PC\OneDrive - UNINTER - Aluno\Área de Trabalho\barber\BARBERSHOP\web\node_modules\@babel\parser\lib\index.js:11067:23)
      at JSXParserMixin.parseMaybeUnaryOrPrivate (C:\Users\PC\OneDrive - UNINTER - Aluno\Área de Trabalho\barber\BARBERSHOP\web\node_modules\@babel\parser\lib\index.js:10920:61)
      at JSXParserMixin.parseExprOps (C:\Users\PC\OneDrive - UNINTER - Aluno\Área de Trabalho\barber\BARBERSHOP\web\node_modules\@babel\parser\lib\index.js:10925:23)
      at JSXParserMixin.parseMaybeConditional (C:\Users\PC\OneDrive - UNINTER - Aluno\Área de Trabalho\barber\BARBERSHOP\web\node_modules\@babel\parser\lib\index.js:10902:23)
      at JSXParserMixin.parseMaybeAssign (C:\Users\PC\OneDrive - UNINTER - Aluno\Área de Trabalho\barber\BARBERSHOP\web\node_modules\@babel\parser\lib\index.js:10852:21)
      at C:\Users\PC\OneDrive - UNINTER - Aluno\Área de Trabalho\barber\BARBERSHOP\web\node_modules\@babel\parser\lib\index.js:10821:39
      at JSXParserMixin.allowInAnd (C:\Users\PC\OneDrive - UNINTER - Aluno\Área de Trabalho\barber\BARBERSHOP\web\node_modules\@babel\parser\lib\index.js:12455:12)
      at JSXParserMixin.parseMaybeAssignAllowIn (C:\Users\PC\OneDrive - UNINTER - Aluno\Área de Trabalho\barber\BARBERSHOP\web\node_modules\@babel\parser\lib\index.js:10821:17)
      at JSXParserMixin.parseMaybeAssignAllowInOrVoidPattern (C:\Users\PC\OneDrive - UNINTER - Aluno\Área de Trabalho\barber\BARBERSHOP\web\node_modules\@babel\parser\lib\index.js:12522:17)
      at JSXParserMixin.parseParenAndDistinguishExpression (C:\Users\PC\OneDrive - UNINTER - Aluno\Área de Trabalho\barber\BARBERSHOP\web\node_modules\@babel\parser\lib\index.js:11701:28)
      at JSXParserMixin.parseExprAtom (C:\Users\PC\OneDrive - UNINTER - Aluno\Área de Trabalho\barber\BARBERSHOP\web\node_modules\@babel\parser\lib\index.js:11357:23)
      at JSXParserMixin.parseExprAtom (C:\Users\PC\OneDrive - UNINTER - Aluno\Área de Trabalho\barber\BARBERSHOP\web\node_modules\@babel\parser\lib\index.js:4780:20)
      at JSXParserMixin.parseExprSubscripts (C:\Users\PC\OneDrive - UNINTER - Aluno\Área de Trabalho\barber\BARBERSHOP\web\node_modules\@babel\parser\lib\index.js:11102:23)
      at JSXParserMixin.parseUpdate (C:\Users\PC\OneDrive - UNINTER - Aluno\Área de Trabalho\barber\BARBERSHOP\web\node_modules\@babel\parser\lib\index.js:11087:21)
      at JSXParserMixin.parseMaybeUnary (C:\Users\PC\OneDrive - UNINTER - Aluno\Área de Trabalho\barber\BARBERSHOP\web\node_modules\@babel\parser\lib\index.js:11067:23)
      at JSXParserMixin.parseMaybeUnaryOrPrivate (C:\Users\PC\OneDrive - UNINTER - Aluno\Área de Trabalho\barber\BARBERSHOP\web\node_modules\@babel\parser\lib\index.js:10920:61)
      at JSXParserMixin.parseExprOps (C:\Users\PC\OneDrive - UNINTER - Aluno\Área de Trabalho\barber\BARBERSHOP\web\node_modules\@babel\parser\lib\index.js:10925:23)
      at JSXParserMixin.parseMaybeConditional (C:\Users\PC\OneDrive - UNINTER - Aluno\Área de Trabalho\barber\BARBERSHOP\web\node_modules\@babel\parser\lib\index.js:10902:23)
      at JSXParserMixin.parseMaybeAssign (C:\Users\PC\OneDrive - UNINTER - Aluno\Área de Trabalho\barber\BARBERSHOP\web\node_modules\@babel\parser\lib\index.js:10852:21)
      at JSXParserMixin.parseExpressionBase (C:\Users\PC\OneDrive - UNINTER - Aluno\Área de Trabalho\barber\BARBERSHOP\web\node_modules\@babel\parser\lib\index.js:10805:23)
      at C:\Users\PC\OneDrive - UNINTER - Aluno\Área de Trabalho\barber\BARBERSHOP\web\node_modules\@babel\parser\lib\index.js:10801:39
      at JSXParserMixin.allowInAnd (C:\Users\PC\OneDrive - UNINTER - Aluno\Área de Trabalho\barber\BARBERSHOP\web\node_modules\@babel\parser\lib\index.js:12450:16)
      at JSXParserMixin.parseExpression (C:\Users\PC\OneDrive - UNINTER - Aluno\Área de Trabalho\barber\BARBERSHOP\web\node_modules\@babel\parser\lib\index.js:10801:17)
      at JSXParserMixin.parseReturnStatement (C:\Users\PC\OneDrive - UNINTER - Aluno\Área de Trabalho\barber\BARBERSHOP\web\node_modules\@babel\parser\lib\index.js:13171:28)
      at JSXParserMixin.parseStatementContent (C:\Users\PC\OneDrive - UNINTER - Aluno\Área de Trabalho\barber\BARBERSHOP\web\node_modules\@babel\parser\lib\index.js:12827:21)
      at JSXParserMixin.parseStatementLike (C:\Users\PC\OneDrive - UNINTER - Aluno\Área de Trabalho\barber\BARBERSHOP\web\node_modules\@babel\parser\lib\index.js:12796:17)
      at JSXParserMixin.parseStatementListItem (C:\Users\PC\OneDrive - UNINTER - Aluno\Área de Trabalho\barber\BARBERSHOP\web\node_modules\@babel\parser\lib\index.js:12776:17)
      at JSXParserMixin.parseBlockOrModuleBlockBody (C:\Users\PC\OneDrive - UNINTER - Aluno\Área de Trabalho\barber\BARBERSHOP\web\node_modules\@babel\parser\lib\index.js:13345:61)
      at JSXParserMixin.parseBlockBody (C:\Users\PC\OneDrive - UNINTER - Aluno\Área de Trabalho\barber\BARBERSHOP\web\node_modules\@babel\parser\lib\index.js:13338:10)
      at JSXParserMixin.parseBlock (C:\Users\PC\OneDrive - UNINTER - Aluno\Área de Trabalho\barber\BARBERSHOP\web\node_modules\@babel\parser\lib\index.js:13326:10)
      at JSXParserMixin.parseFunctionBody (C:\Users\PC\OneDrive - UNINTER - Aluno\Área de Trabalho\barber\BARBERSHOP\web\node_modules\@babel\parser\lib\index.js:12129:24)
      at JSXParserMixin.parseFunctionBodyAndFinish (C:\Users\PC\OneDrive - UNINTER - Aluno\Área de Trabalho\barber\BARBERSHOP\web\node_modules\@babel\parser\lib\index.js:12115:10)
      at C:\Users\PC\OneDrive - UNINTER - Aluno\Área de Trabalho\barber\BARBERSHOP\web\node_modules\@babel\parser\lib\index.js:13474:12
      at JSXParserMixin.withSmartMixTopicForbiddingContext (C:\Users\PC\OneDrive - UNINTER - Aluno\Área de Trabalho\barber\BARBERSHOP\web\node_modules\@babel\parser\lib\index.js:12432:14)
      at JSXParserMixin.parseFunction (C:\Users\PC\OneDrive - UNINTER - Aluno\Área de Trabalho\barber\BARBERSHOP\web\node_modules\@babel\parser\lib\index.js:13473:10)
[2m19:05:42[22m [31m[1m[vite][22m[39m [31mInternal server error: C:\Users\PC\OneDrive - UNINTER - Aluno\Área de Trabalho\barber\BARBERSHOP\web\src\pages\Servicos.jsx: Unterminated JSX contents. (81:10)

[0m [90m 79 |[31m         ))}
 [90m 80 |[31m       [33m<[31m[33m/[31m[33msection[31m[33m>[31m
[31m[1m>[22m[31m[90m 81 |[31m     [33m<[31m[33m/[31m[33mdiv[31m[33m>[31m
 [90m    |[31m           [31m[1m^[22m[31m
 [90m 82 |[31m   )[33m;[31m
 [90m 83 |[31m }
 [90m 84 |[31m[0m[39m
  Plugin: [35mvite:react-babel[39m
  File: [36mC:/Users/PC/OneDrive - UNINTER - Aluno/Área de Trabalho/barber/BARBERSHOP/web/src/pages/Servicos.jsx[39m:81:10
      at constructor (C:\Users\PC\OneDrive - UNINTER - Aluno\Área de Trabalho\barber\BARBERSHOP\web\node_modules\@babel\parser\lib\index.js:369:19)
      at JSXParserMixin.raise (C:\Users\PC\OneDrive - UNINTER - Aluno\Área de Trabalho\barber\BARBERSHOP\web\node_modules\@babel\parser\lib\index.js:6620:19)
      at JSXParserMixin.jsxReadToken (C:\Users\PC\OneDrive - UNINTER - Aluno\Área de Trabalho\barber\BARBERSHOP\web\node_modules\@babel\parser\lib\index.js:4464:20)
      at JSXParserMixin.getTokenFromCode (C:\Users\PC\OneDrive - UNINTER - Aluno\Área de Trabalho\barber\BARBERSHOP\web\node_modules\@babel\parser\lib\index.js:4790:12)
      at JSXParserMixin.nextToken (C:\Users\PC\OneDrive - UNINTER - Aluno\Área de Trabalho\barber\BARBERSHOP\web\node_modules\@babel\parser\lib\index.js:5803:10)
      at JSXParserMixin.next (C:\Users\PC\OneDrive - UNINTER - Aluno\Área de Trabalho\barber\BARBERSHOP\web\node_modules\@babel\parser\lib\index.js:5713:10)
      at JSXParserMixin.eat (C:\Users\PC\OneDrive - UNINTER - Aluno\Área de Trabalho\barber\BARBERSHOP\web\node_modules\@babel\parser\lib\index.js:5717:12)
      at JSXParserMixin.expect (C:\Users\PC\OneDrive - UNINTER - Aluno\Área de Trabalho\barber\BARBERSHOP\web\node_modules\@babel\parser\lib\index.js:6919:15)
      at JSXParserMixin.jsxParseClosingElementAt (C:\Users\PC\OneDrive - UNINTER - Aluno\Área de Trabalho\barber\BARBERSHOP\web\node_modules\@babel\parser\lib\index.js:4696:10)
      at JSXParserMixin.jsxParseElementAt (C:\Users\PC\OneDrive - UNINTER - Aluno\Área de Trabalho\barber\BARBERSHOP\web\node_modules\@babel\parser\lib\index.js:4711:37)
      at JSXParserMixin.jsxParseElementAt (C:\Users\PC\OneDrive - UNINTER - Aluno\Área de Trabalho\barber\BARBERSHOP\web\node_modules\@babel\parser\lib\index.js:4714:32)
      at JSXParserMixin.jsxParseElement (C:\Users\PC\OneDrive - UNINTER - Aluno\Área de Trabalho\barber\BARBERSHOP\web\node_modules\@babel\parser\lib\index.js:4765:17)
      at JSXParserMixin.parseExprAtom (C:\Users\PC\OneDrive - UNINTER - Aluno\Área de Trabalho\barber\BARBERSHOP\web\node_modules\@babel\parser\lib\index.js:4775:19)
      at JSXParserMixin.parseExprSubscripts (C:\Users\PC\OneDrive - UNINTER - Aluno\Área de Trabalho\barber\BARBERSHOP\web\node_modules\@babel\parser\lib\index.js:11102:23)
      at JSXParserMixin.parseUpdate (C:\Users\PC\OneDrive - UNINTER - Aluno\Área de Trabalho\barber\BARBERSHOP\web\node_modules\@babel\parser\lib\index.js:11087:21)
      at JSXParserMixin.parseMaybeUnary (C:\Users\PC\OneDrive - UNINTER - Aluno\Área de Trabalho\barber\BARBERSHOP\web\node_modules\@babel\parser\lib\index.js:11067:23)
      at JSXParserMixin.parseMaybeUnaryOrPrivate (C:\Users\PC\OneDrive - UNINTER - Aluno\Área de Trabalho\barber\BARBERSHOP\web\node_modules\@babel\parser\lib\index.js:10920:61)
      at JSXParserMixin.parseExprOps (C:\Users\PC\OneDrive - UNINTER - Aluno\Área de Trabalho\barber\BARBERSHOP\web\node_modules\@babel\parser\lib\index.js:10925:23)
      at JSXParserMixin.parseMaybeConditional (C:\Users\PC\OneDrive - UNINTER - Aluno\Área de Trabalho\barber\BARBERSHOP\web\node_modules\@babel\parser\lib\index.js:10902:23)
      at JSXParserMixin.parseMaybeAssign (C:\Users\PC\OneDrive - UNINTER - Aluno\Área de Trabalho\barber\BARBERSHOP\web\node_modules\@babel\parser\lib\index.js:10852:21)
      at C:\Users\PC\OneDrive - UNINTER - Aluno\Área de Trabalho\barber\BARBERSHOP\web\node_modules\@babel\parser\lib\index.js:10821:39
      at JSXParserMixin.allowInAnd (C:\Users\PC\OneDrive - UNINTER - Aluno\Área de Trabalho\barber\BARBERSHOP\web\node_modules\@babel\parser\lib\index.js:12455:12)
      at JSXParserMixin.parseMaybeAssignAllowIn (C:\Users\PC\OneDrive - UNINTER - Aluno\Área de Trabalho\barber\BARBERSHOP\web\node_modules\@babel\parser\lib\index.js:10821:17)
      at JSXParserMixin.parseMaybeAssignAllowInOrVoidPattern (C:\Users\PC\OneDrive - UNINTER - Aluno\Área de Trabalho\barber\BARBERSHOP\web\node_modules\@babel\parser\lib\index.js:12522:17)
      at JSXParserMixin.parseParenAndDistinguishExpression (C:\Users\PC\OneDrive - UNINTER - Aluno\Área de Trabalho\barber\BARBERSHOP\web\node_modules\@babel\parser\lib\index.js:11701:28)
      at JSXParserMixin.parseExprAtom (C:\Users\PC\OneDrive - UNINTER - Aluno\Área de Trabalho\barber\BARBERSHOP\web\node_modules\@babel\parser\lib\index.js:11357:23)
      at JSXParserMixin.parseExprAtom (C:\Users\PC\OneDrive - UNINTER - Aluno\Área de Trabalho\barber\BARBERSHOP\web\node_modules\@babel\parser\lib\index.js:4780:20)
      at JSXParserMixin.parseExprSubscripts (C:\Users\PC\OneDrive - UNINTER - Aluno\Área de Trabalho\barber\BARBERSHOP\web\node_modules\@babel\parser\lib\index.js:11102:23)
      at JSXParserMixin.parseUpdate (C:\Users\PC\OneDrive - UNINTER - Aluno\Área de Trabalho\barber\BARBERSHOP\web\node_modules\@babel\parser\lib\index.js:11087:21)
      at JSXParserMixin.parseMaybeUnary (C:\Users\PC\OneDrive - UNINTER - Aluno\Área de Trabalho\barber\BARBERSHOP\web\node_modules\@babel\parser\lib\index.js:11067:23)
      at JSXParserMixin.parseMaybeUnaryOrPrivate (C:\Users\PC\OneDrive - UNINTER - Aluno\Área de Trabalho\barber\BARBERSHOP\web\node_modules\@babel\parser\lib\index.js:10920:61)
      at JSXParserMixin.parseExprOps (C:\Users\PC\OneDrive - UNINTER - Aluno\Área de Trabalho\barber\BARBERSHOP\web\node_modules\@babel\parser\lib\index.js:10925:23)
      at JSXParserMixin.parseMaybeConditional (C:\Users\PC\OneDrive - UNINTER - Aluno\Área de Trabalho\barber\BARBERSHOP\web\node_modules\@babel\parser\lib\index.js:10902:23)
      at JSXParserMixin.parseMaybeAssign (C:\Users\PC\OneDrive - UNINTER - Aluno\Área de Trabalho\barber\BARBERSHOP\web\node_modules\@babel\parser\lib\index.js:10852:21)
      at JSXParserMixin.parseExpressionBase (C:\Users\PC\OneDrive - UNINTER - Aluno\Área de Trabalho\barber\BARBERSHOP\web\node_modules\@babel\parser\lib\index.js:10805:23)
      at C:\Users\PC\OneDrive - UNINTER - Aluno\Área de Trabalho\barber\BARBERSHOP\web\node_modules\@babel\parser\lib\index.js:10801:39
      at JSXParserMixin.allowInAnd (C:\Users\PC\OneDrive - UNINTER - Aluno\Área de Trabalho\barber\BARBERSHOP\web\node_modules\@babel\parser\lib\index.js:12450:16)
      at JSXParserMixin.parseExpression (C:\Users\PC\OneDrive - UNINTER - Aluno\Área de Trabalho\barber\BARBERSHOP\web\node_modules\@babel\parser\lib\index.js:10801:17)
      at JSXParserMixin.parseReturnStatement (C:\Users\PC\OneDrive - UNINTER - Aluno\Área de Trabalho\barber\BARBERSHOP\web\node_modules\@babel\parser\lib\index.js:13171:28)
      at JSXParserMixin.parseStatementContent (C:\Users\PC\OneDrive - UNINTER - Aluno\Área de Trabalho\barber\BARBERSHOP\web\node_modules\@babel\parser\lib\index.js:12827:21)
      at JSXParserMixin.parseStatementLike (C:\Users\PC\OneDrive - UNINTER - Aluno\Área de Trabalho\barber\BARBERSHOP\web\node_modules\@babel\parser\lib\index.js:12796:17)
      at JSXParserMixin.parseStatementListItem (C:\Users\PC\OneDrive - UNINTER - Aluno\Área de Trabalho\barber\BARBERSHOP\web\node_modules\@babel\parser\lib\index.js:12776:17)
      at JSXParserMixin.parseBlockOrModuleBlockBody (C:\Users\PC\OneDrive - UNINTER - Aluno\Área de Trabalho\barber\BARBERSHOP\web\node_modules\@babel\parser\lib\index.js:13345:61)
      at JSXParserMixin.parseBlockBody (C:\Users\PC\OneDrive - UNINTER - Aluno\Área de Trabalho\barber\BARBERSHOP\web\node_modules\@babel\parser\lib\index.js:13338:10)
      at JSXParserMixin.parseBlock (C:\Users\PC\OneDrive - UNINTER - Aluno\Área de Trabalho\barber\BARBERSHOP\web\node_modules\@babel\parser\lib\index.js:13326:10)
      at JSXParserMixin.parseFunctionBody (C:\Users\PC\OneDrive - UNINTER - Aluno\Área de Trabalho\barber\BARBERSHOP\web\node_modules\@babel\parser\lib\index.js:12129:24)
      at JSXParserMixin.parseFunctionBodyAndFinish (C:\Users\PC\OneDrive - UNINTER - Aluno\Área de Trabalho\barber\BARBERSHOP\web\node_modules\@babel\parser\lib\index.js:12115:10)
      at C:\Users\PC\OneDrive - UNINTER - Aluno\Área de Trabalho\barber\BARBERSHOP\web\node_modules\@babel\parser\lib\index.js:13474:12
      at JSXParserMixin.withSmartMixTopicForbiddingContext (C:\Users\PC\OneDrive - UNINTER - Aluno\Área de Trabalho\barber\BARBERSHOP\web\node_modules\@babel\parser\lib\index.js:12432:14)
      at JSXParserMixin.parseFunction (C:\Users\PC\OneDrive - UNINTER - Aluno\Área de Trabalho\barber\BARBERSHOP\web\node_modules\@babel\parser\lib\index.js:13473:10)
[2m19:05:43[22m [31m[1m[vite][22m[39m [31mInternal server error: C:\Users\PC\OneDrive - UNINTER - Aluno\Área de Trabalho\barber\BARBERSHOP\web\src\pages\Servicos.jsx: Unterminated JSX contents. (81:10)

[0m [90m 79 |[31m         ))}
 [90m 80 |[31m       [33m<[31m[33m/[31m[33msection[31m[33m>[31m
[31m[1m>[22m[31m[90m 81 |[31m     [33m<[31m[33m/[31m[33mdiv[31m[33m>[31m
 [90m    |[31m           [31m[1m^[22m[31m
 [90m 82 |[31m   )[33m;[31m
 [90m 83 |[31m }
 [90m 84 |[31m[0m[39m
  Plugin: [35mvite:react-babel[39m
  File: [36mC:/Users/PC/OneDrive - UNINTER - Aluno/Área de Trabalho/barber/BARBERSHOP/web/src/pages/Servicos.jsx[39m:81:10
      at constructor (C:\Users\PC\OneDrive - UNINTER - Aluno\Área de Trabalho\barber\BARBERSHOP\web\node_modules\@babel\parser\lib\index.js:369:19)
      at JSXParserMixin.raise (C:\Users\PC\OneDrive - UNINTER - Aluno\Área de Trabalho\barber\BARBERSHOP\web\node_modules\@babel\parser\lib\index.js:6620:19)
      at JSXParserMixin.jsxReadToken (C:\Users\PC\OneDrive - UNINTER - Aluno\Área de Trabalho\barber\BARBERSHOP\web\node_modules\@babel\parser\lib\index.js:4464:20)
      at JSXParserMixin.getTokenFromCode (C:\Users\PC\OneDrive - UNINTER - Aluno\Área de Trabalho\barber\BARBERSHOP\web\node_modules\@babel\parser\lib\index.js:4790:12)
      at JSXParserMixin.nextToken (C:\Users\PC\OneDrive - UNINTER - Aluno\Área de Trabalho\barber\BARBERSHOP\web\node_modules\@babel\parser\lib\index.js:5803:10)
      at JSXParserMixin.next (C:\Users\PC\OneDrive - UNINTER - Aluno\Área de Trabalho\barber\BARBERSHOP\web\node_modules\@babel\parser\lib\index.js:5713:10)
      at JSXParserMixin.eat (C:\Users\PC\OneDrive - UNINTER - Aluno\Área de Trabalho\barber\BARBERSHOP\web\node_modules\@babel\parser\lib\index.js:5717:12)
      at JSXParserMixin.expect (C:\Users\PC\OneDrive - UNINTER - Aluno\Área de Trabalho\barber\BARBERSHOP\web\node_modules\@babel\parser\lib\index.js:6919:15)
      at JSXParserMixin.jsxParseClosingElementAt (C:\Users\PC\OneDrive - UNINTER - Aluno\Área de Trabalho\barber\BARBERSHOP\web\node_modules\@babel\parser\lib\index.js:4696:10)
      at JSXParserMixin.jsxParseElementAt (C:\Users\PC\OneDrive - UNINTER - Aluno\Área de Trabalho\barber\BARBERSHOP\web\node_modules\@babel\parser\lib\index.js:4711:37)
      at JSXParserMixin.jsxParseElementAt (C:\Users\PC\OneDrive - UNINTER - Aluno\Área de Trabalho\barber\BARBERSHOP\web\node_modules\@babel\parser\lib\index.js:4714:32)
      at JSXParserMixin.jsxParseElement (C:\Users\PC\OneDrive - UNINTER - Aluno\Área de Trabalho\barber\BARBERSHOP\web\node_modules\@babel\parser\lib\index.js:4765:17)
      at JSXParserMixin.parseExprAtom (C:\Users\PC\OneDrive - UNINTER - Aluno\Área de Trabalho\barber\BARBERSHOP\web\node_modules\@babel\parser\lib\index.js:4775:19)
      at JSXParserMixin.parseExprSubscripts (C:\Users\PC\OneDrive - UNINTER - Aluno\Área de Trabalho\barber\BARBERSHOP\web\node_modules\@babel\parser\lib\index.js:11102:23)
      at JSXParserMixin.parseUpdate (C:\Users\PC\OneDrive - UNINTER - Aluno\Área de Trabalho\barber\BARBERSHOP\web\node_modules\@babel\parser\lib\index.js:11087:21)
      at JSXParserMixin.parseMaybeUnary (C:\Users\PC\OneDrive - UNINTER - Aluno\Área de Trabalho\barber\BARBERSHOP\web\node_modules\@babel\parser\lib\index.js:11067:23)
      at JSXParserMixin.parseMaybeUnaryOrPrivate (C:\Users\PC\OneDrive - UNINTER - Aluno\Área de Trabalho\barber\BARBERSHOP\web\node_modules\@babel\parser\lib\index.js:10920:61)
      at JSXParserMixin.parseExprOps (C:\Users\PC\OneDrive - UNINTER - Aluno\Área de Trabalho\barber\BARBERSHOP\web\node_modules\@babel\parser\lib\index.js:10925:23)
      at JSXParserMixin.parseMaybeConditional (C:\Users\PC\OneDrive - UNINTER - Aluno\Área de Trabalho\barber\BARBERSHOP\web\node_modules\@babel\parser\lib\index.js:10902:23)
      at JSXParserMixin.parseMaybeAssign (C:\Users\PC\OneDrive - UNINTER - Aluno\Área de Trabalho\barber\BARBERSHOP\web\node_modules\@babel\parser\lib\index.js:10852:21)
      at C:\Users\PC\OneDrive - UNINTER - Aluno\Área de Trabalho\barber\BARBERSHOP\web\node_modules\@babel\parser\lib\index.js:10821:39
      at JSXParserMixin.allowInAnd (C:\Users\PC\OneDrive - UNINTER - Aluno\Área de Trabalho\barber\BARBERSHOP\web\node_modules\@babel\parser\lib\index.js:12455:12)
      at JSXParserMixin.parseMaybeAssignAllowIn (C:\Users\PC\OneDrive - UNINTER - Aluno\Área de Trabalho\barber\BARBERSHOP\web\node_modules\@babel\parser\lib\index.js:10821:17)
      at JSXParserMixin.parseMaybeAssignAllowInOrVoidPattern (C:\Users\PC\OneDrive - UNINTER - Aluno\Área de Trabalho\barber\BARBERSHOP\web\node_modules\@babel\parser\lib\index.js:12522:17)
      at JSXParserMixin.parseParenAndDistinguishExpression (C:\Users\PC\OneDrive - UNINTER - Aluno\Área de Trabalho\barber\BARBERSHOP\web\node_modules\@babel\parser\lib\index.js:11701:28)
      at JSXParserMixin.parseExprAtom (C:\Users\PC\OneDrive - UNINTER - Aluno\Área de Trabalho\barber\BARBERSHOP\web\node_modules\@babel\parser\lib\index.js:11357:23)
      at JSXParserMixin.parseExprAtom (C:\Users\PC\OneDrive - UNINTER - Aluno\Área de Trabalho\barber\BARBERSHOP\web\node_modules\@babel\parser\lib\index.js:4780:20)
      at JSXParserMixin.parseExprSubscripts (C:\Users\PC\OneDrive - UNINTER - Aluno\Área de Trabalho\barber\BARBERSHOP\web\node_modules\@babel\parser\lib\index.js:11102:23)
      at JSXParserMixin.parseUpdate (C:\Users\PC\OneDrive - UNINTER - Aluno\Área de Trabalho\barber\BARBERSHOP\web\node_modules\@babel\parser\lib\index.js:11087:21)
      at JSXParserMixin.parseMaybeUnary (C:\Users\PC\OneDrive - UNINTER - Aluno\Área de Trabalho\barber\BARBERSHOP\web\node_modules\@babel\parser\lib\index.js:11067:23)
      at JSXParserMixin.parseMaybeUnaryOrPrivate (C:\Users\PC\OneDrive - UNINTER - Aluno\Área de Trabalho\barber\BARBERSHOP\web\node_modules\@babel\parser\lib\index.js:10920:61)
      at JSXParserMixin.parseExprOps (C:\Users\PC\OneDrive - UNINTER - Aluno\Área de Trabalho\barber\BARBERSHOP\web\node_modules\@babel\parser\lib\index.js:10925:23)
      at JSXParserMixin.parseMaybeConditional (C:\Users\PC\OneDrive - UNINTER - Aluno\Área de Trabalho\barber\BARBERSHOP\web\node_modules\@babel\parser\lib\index.js:10902:23)
      at JSXParserMixin.parseMaybeAssign (C:\Users\PC\OneDrive - UNINTER - Aluno\Área de Trabalho\barber\BARBERSHOP\web\node_modules\@babel\parser\lib\index.js:10852:21)
      at JSXParserMixin.parseExpressionBase (C:\Users\PC\OneDrive - UNINTER - Aluno\Área de Trabalho\barber\BARBERSHOP\web\node_modules\@babel\parser\lib\index.js:10805:23)
      at C:\Users\PC\OneDrive - UNINTER - Aluno\Área de Trabalho\barber\BARBERSHOP\web\node_modules\@babel\parser\lib\index.js:10801:39
      at JSXParserMixin.allowInAnd (C:\Users\PC\OneDrive - UNINTER - Aluno\Área de Trabalho\barber\BARBERSHOP\web\node_modules\@babel\parser\lib\index.js:12450:16)
      at JSXParserMixin.parseExpression (C:\Users\PC\OneDrive - UNINTER - Aluno\Área de Trabalho\barber\BARBERSHOP\web\node_modules\@babel\parser\lib\index.js:10801:17)
      at JSXParserMixin.parseReturnStatement (C:\Users\PC\OneDrive - UNINTER - Aluno\Área de Trabalho\barber\BARBERSHOP\web\node_modules\@babel\parser\lib\index.js:13171:28)
      at JSXParserMixin.parseStatementContent (C:\Users\PC\OneDrive - UNINTER - Aluno\Área de Trabalho\barber\BARBERSHOP\web\node_modules\@babel\parser\lib\index.js:12827:21)
      at JSXParserMixin.parseStatementLike (C:\Users\PC\OneDrive - UNINTER - Aluno\Área de Trabalho\barber\BARBERSHOP\web\node_modules\@babel\parser\lib\index.js:12796:17)
      at JSXParserMixin.parseStatementListItem (C:\Users\PC\OneDrive - UNINTER - Aluno\Área de Trabalho\barber\BARBERSHOP\web\node_modules\@babel\parser\lib\index.js:12776:17)
      at JSXParserMixin.parseBlockOrModuleBlockBody (C:\Users\PC\OneDrive - UNINTER - Aluno\Área de Trabalho\barber\BARBERSHOP\web\node_modules\@babel\parser\lib\index.js:13345:61)
      at JSXParserMixin.parseBlockBody (C:\Users\PC\OneDrive - UNINTER - Aluno\Área de Trabalho\barber\BARBERSHOP\web\node_modules\@babel\parser\lib\index.js:13338:10)
      at JSXParserMixin.parseBlock (C:\Users\PC\OneDrive - UNINTER - Aluno\Área de Trabalho\barber\BARBERSHOP\web\node_modules\@babel\parser\lib\index.js:13326:10)
      at JSXParserMixin.parseFunctionBody (C:\Users\PC\OneDrive - UNINTER - Aluno\Área de Trabalho\barber\BARBERSHOP\web\node_modules\@babel\parser\lib\index.js:12129:24)
      at JSXParserMixin.parseFunctionBodyAndFinish (C:\Users\PC\OneDrive - UNINTER - Aluno\Área de Trabalho\barber\BARBERSHOP\web\node_modules\@babel\parser\lib\index.js:12115:10)
      at C:\Users\PC\OneDrive - UNINTER - Aluno\Área de Trabalho\barber\BARBERSHOP\web\node_modules\@babel\parser\lib\index.js:13474:12
      at JSXParserMixin.withSmartMixTopicForbiddingContext (C:\Users\PC\OneDrive - UNINTER - Aluno\Área de Trabalho\barber\BARBERSHOP\web\node_modules\@babel\parser\lib\index.js:12432:14)
      at JSXParserMixin.parseFunction (C:\Users\PC\OneDrive - UNINTER - Aluno\Área de Trabalho\barber\BARBERSHOP\web\node_modules\@babel\parser\lib\index.js:13473:10)
[2m19:05:48[22m [31m[1m[vite][22m[39m [31mInternal server error: C:\Users\PC\OneDrive - UNINTER - Aluno\Área de Trabalho\barber\BARBERSHOP\web\src\pages\Barbeiros.jsx: Unterminated JSX contents. (77:10)

[0m [90m 75 |[31m         ))}
 [90m 76 |[31m       [33m<[31m[33m/[31m[33msection[31m[33m>[31m
[31m[1m>[22m[31m[90m 77 |[31m     [33m<[31m[33m/[31m[33mdiv[31m[33m>[31m
 [90m    |[31m           [31m[1m^[22m[31m
 [90m 78 |[31m   )[33m;[31m
 [90m 79 |[31m }
 [90m 80 |[31m[0m[39m
  Plugin: [35mvite:react-babel[39m
  File: [36mC:/Users/PC/OneDrive - UNINTER - Aluno/Área de Trabalho/barber/BARBERSHOP/web/src/pages/Barbeiros.jsx[39m:77:10
      at constructor (C:\Users\PC\OneDrive - UNINTER - Aluno\Área de Trabalho\barber\BARBERSHOP\web\node_modules\@babel\parser\lib\index.js:369:19)
      at JSXParserMixin.raise (C:\Users\PC\OneDrive - UNINTER - Aluno\Área de Trabalho\barber\BARBERSHOP\web\node_modules\@babel\parser\lib\index.js:6620:19)
      at JSXParserMixin.jsxReadToken (C:\Users\PC\OneDrive - UNINTER - Aluno\Área de Trabalho\barber\BARBERSHOP\web\node_modules\@babel\parser\lib\index.js:4464:20)
      at JSXParserMixin.getTokenFromCode (C:\Users\PC\OneDrive - UNINTER - Aluno\Área de Trabalho\barber\BARBERSHOP\web\node_modules\@babel\parser\lib\index.js:4790:12)
      at JSXParserMixin.nextToken (C:\Users\PC\OneDrive - UNINTER - Aluno\Área de Trabalho\barber\BARBERSHOP\web\node_modules\@babel\parser\lib\index.js:5803:10)
      at JSXParserMixin.next (C:\Users\PC\OneDrive - UNINTER - Aluno\Área de Trabalho\barber\BARBERSHOP\web\node_modules\@babel\parser\lib\index.js:5713:10)
      at JSXParserMixin.eat (C:\Users\PC\OneDrive - UNINTER - Aluno\Área de Trabalho\barber\BARBERSHOP\web\node_modules\@babel\parser\lib\index.js:5717:12)
      at JSXParserMixin.expect (C:\Users\PC\OneDrive - UNINTER - Aluno\Área de Trabalho\barber\BARBERSHOP\web\node_modules\@babel\parser\lib\index.js:6919:15)
      at JSXParserMixin.jsxParseClosingElementAt (C:\Users\PC\OneDrive - UNINTER - Aluno\Área de Trabalho\barber\BARBERSHOP\web\node_modules\@babel\parser\lib\index.js:4696:10)
      at JSXParserMixin.jsxParseElementAt (C:\Users\PC\OneDrive - UNINTER - Aluno\Área de Trabalho\barber\BARBERSHOP\web\node_modules\@babel\parser\lib\index.js:4711:37)
      at JSXParserMixin.jsxParseElementAt (C:\Users\PC\OneDrive - UNINTER - Aluno\Área de Trabalho\barber\BARBERSHOP\web\node_modules\@babel\parser\lib\index.js:4714:32)
      at JSXParserMixin.jsxParseElement (C:\Users\PC\OneDrive - UNINTER - Aluno\Área de Trabalho\barber\BARBERSHOP\web\node_modules\@babel\parser\lib\index.js:4765:17)
      at JSXParserMixin.parseExprAtom (C:\Users\PC\OneDrive - UNINTER - Aluno\Área de Trabalho\barber\BARBERSHOP\web\node_modules\@babel\parser\lib\index.js:4775:19)
      at JSXParserMixin.parseExprSubscripts (C:\Users\PC\OneDrive - UNINTER - Aluno\Área de Trabalho\barber\BARBERSHOP\web\node_modules\@babel\parser\lib\index.js:11102:23)
      at JSXParserMixin.parseUpdate (C:\Users\PC\OneDrive - UNINTER - Aluno\Área de Trabalho\barber\BARBERSHOP\web\node_modules\@babel\parser\lib\index.js:11087:21)
      at JSXParserMixin.parseMaybeUnary (C:\Users\PC\OneDrive - UNINTER - Aluno\Área de Trabalho\barber\BARBERSHOP\web\node_modules\@babel\parser\lib\index.js:11067:23)
      at JSXParserMixin.parseMaybeUnaryOrPrivate (C:\Users\PC\OneDrive - UNINTER - Aluno\Área de Trabalho\barber\BARBERSHOP\web\node_modules\@babel\parser\lib\index.js:10920:61)
      at JSXParserMixin.parseExprOps (C:\Users\PC\OneDrive - UNINTER - Aluno\Área de Trabalho\barber\BARBERSHOP\web\node_modules\@babel\parser\lib\index.js:10925:23)
      at JSXParserMixin.parseMaybeConditional (C:\Users\PC\OneDrive - UNINTER - Aluno\Área de Trabalho\barber\BARBERSHOP\web\node_modules\@babel\parser\lib\index.js:10902:23)
      at JSXParserMixin.parseMaybeAssign (C:\Users\PC\OneDrive - UNINTER - Aluno\Área de Trabalho\barber\BARBERSHOP\web\node_modules\@babel\parser\lib\index.js:10852:21)
      at C:\Users\PC\OneDrive - UNINTER - Aluno\Área de Trabalho\barber\BARBERSHOP\web\node_modules\@babel\parser\lib\index.js:10821:39
      at JSXParserMixin.allowInAnd (C:\Users\PC\OneDrive - UNINTER - Aluno\Área de Trabalho\barber\BARBERSHOP\web\node_modules\@babel\parser\lib\index.js:12455:12)
      at JSXParserMixin.parseMaybeAssignAllowIn (C:\Users\PC\OneDrive - UNINTER - Aluno\Área de Trabalho\barber\BARBERSHOP\web\node_modules\@babel\parser\lib\index.js:10821:17)
      at JSXParserMixin.parseMaybeAssignAllowInOrVoidPattern (C:\Users\PC\OneDrive - UNINTER - Aluno\Área de Trabalho\barber\BARBERSHOP\web\node_modules\@babel\parser\lib\index.js:12522:17)
      at JSXParserMixin.parseParenAndDistinguishExpression (C:\Users\PC\OneDrive - UNINTER - Aluno\Área de Trabalho\barber\BARBERSHOP\web\node_modules\@babel\parser\lib\index.js:11701:28)
      at JSXParserMixin.parseExprAtom (C:\Users\PC\OneDrive - UNINTER - Aluno\Área de Trabalho\barber\BARBERSHOP\web\node_modules\@babel\parser\lib\index.js:11357:23)
      at JSXParserMixin.parseExprAtom (C:\Users\PC\OneDrive - UNINTER - Aluno\Área de Trabalho\barber\BARBERSHOP\web\node_modules\@babel\parser\lib\index.js:4780:20)
      at JSXParserMixin.parseExprSubscripts (C:\Users\PC\OneDrive - UNINTER - Aluno\Área de Trabalho\barber\BARBERSHOP\web\node_modules\@babel\parser\lib\index.js:11102:23)
      at JSXParserMixin.parseUpdate (C:\Users\PC\OneDrive - UNINTER - Aluno\Área de Trabalho\barber\BARBERSHOP\web\node_modules\@babel\parser\lib\index.js:11087:21)
      at JSXParserMixin.parseMaybeUnary (C:\Users\PC\OneDrive - UNINTER - Aluno\Área de Trabalho\barber\BARBERSHOP\web\node_modules\@babel\parser\lib\index.js:11067:23)
      at JSXParserMixin.parseMaybeUnaryOrPrivate (C:\Users\PC\OneDrive - UNINTER - Aluno\Área de Trabalho\barber\BARBERSHOP\web\node_modules\@babel\parser\lib\index.js:10920:61)
      at JSXParserMixin.parseExprOps (C:\Users\PC\OneDrive - UNINTER - Aluno\Área de Trabalho\barber\BARBERSHOP\web\node_modules\@babel\parser\lib\index.js:10925:23)
      at JSXParserMixin.parseMaybeConditional (C:\Users\PC\OneDrive - UNINTER - Aluno\Área de Trabalho\barber\BARBERSHOP\web\node_modules\@babel\parser\lib\index.js:10902:23)
      at JSXParserMixin.parseMaybeAssign (C:\Users\PC\OneDrive - UNINTER - Aluno\Área de Trabalho\barber\BARBERSHOP\web\node_modules\@babel\parser\lib\index.js:10852:21)
      at JSXParserMixin.parseExpressionBase (C:\Users\PC\OneDrive - UNINTER - Aluno\Área de Trabalho\barber\BARBERSHOP\web\node_modules\@babel\parser\lib\index.js:10805:23)
      at C:\Users\PC\OneDrive - UNINTER - Aluno\Área de Trabalho\barber\BARBERSHOP\web\node_modules\@babel\parser\lib\index.js:10801:39
      at JSXParserMixin.allowInAnd (C:\Users\PC\OneDrive - UNINTER - Aluno\Área de Trabalho\barber\BARBERSHOP\web\node_modules\@babel\parser\lib\index.js:12450:16)
      at JSXParserMixin.parseExpression (C:\Users\PC\OneDrive - UNINTER - Aluno\Área de Trabalho\barber\BARBERSHOP\web\node_modules\@babel\parser\lib\index.js:10801:17)
      at JSXParserMixin.parseReturnStatement (C:\Users\PC\OneDrive - UNINTER - Aluno\Área de Trabalho\barber\BARBERSHOP\web\node_modules\@babel\parser\lib\index.js:13171:28)
      at JSXParserMixin.parseStatementContent (C:\Users\PC\OneDrive - UNINTER - Aluno\Área de Trabalho\barber\BARBERSHOP\web\node_modules\@babel\parser\lib\index.js:12827:21)
      at JSXParserMixin.parseStatementLike (C:\Users\PC\OneDrive - UNINTER - Aluno\Área de Trabalho\barber\BARBERSHOP\web\node_modules\@babel\parser\lib\index.js:12796:17)
      at JSXParserMixin.parseStatementListItem (C:\Users\PC\OneDrive - UNINTER - Aluno\Área de Trabalho\barber\BARBERSHOP\web\node_modules\@babel\parser\lib\index.js:12776:17)
      at JSXParserMixin.parseBlockOrModuleBlockBody (C:\Users\PC\OneDrive - UNINTER - Aluno\Área de Trabalho\barber\BARBERSHOP\web\node_modules\@babel\parser\lib\index.js:13345:61)
      at JSXParserMixin.parseBlockBody (C:\Users\PC\OneDrive - UNINTER - Aluno\Área de Trabalho\barber\BARBERSHOP\web\node_modules\@babel\parser\lib\index.js:13338:10)
      at JSXParserMixin.parseBlock (C:\Users\PC\OneDrive - UNINTER - Aluno\Área de Trabalho\barber\BARBERSHOP\web\node_modules\@babel\parser\lib\index.js:13326:10)
      at JSXParserMixin.parseFunctionBody (C:\Users\PC\OneDrive - UNINTER - Aluno\Área de Trabalho\barber\BARBERSHOP\web\node_modules\@babel\parser\lib\index.js:12129:24)
      at JSXParserMixin.parseFunctionBodyAndFinish (C:\Users\PC\OneDrive - UNINTER - Aluno\Área de Trabalho\barber\BARBERSHOP\web\node_modules\@babel\parser\lib\index.js:12115:10)
      at C:\Users\PC\OneDrive - UNINTER - Aluno\Área de Trabalho\barber\BARBERSHOP\web\node_modules\@babel\parser\lib\index.js:13474:12
      at JSXParserMixin.withSmartMixTopicForbiddingContext (C:\Users\PC\OneDrive - UNINTER - Aluno\Área de Trabalho\barber\BARBERSHOP\web\node_modules\@babel\parser\lib\index.js:12432:14)
      at JSXParserMixin.parseFunction (C:\Users\PC\OneDrive - UNINTER - Aluno\Área de Trabalho\barber\BARBERSHOP\web\node_modules\@babel\parser\lib\index.js:13473:10)
[2m19:05:48[22m [31m[1m[vite][22m[39m [31mInternal server error: C:\Users\PC\OneDrive - UNINTER - Aluno\Área de Trabalho\barber\BARBERSHOP\web\src\pages\Barbeiros.jsx: Unterminated JSX contents. (77:10)

[0m [90m 75 |[31m         ))}
 [90m 76 |[31m       [33m<[31m[33m/[31m[33msection[31m[33m>[31m
[31m[1m>[22m[31m[90m 77 |[31m     [33m<[31m[33m/[31m[33mdiv[31m[33m>[31m
 [90m    |[31m           [31m[1m^[22m[31m
 [90m 78 |[31m   )[33m;[31m
 [90m 79 |[31m }
 [90m 80 |[31m[0m[39m
  Plugin: [35mvite:react-babel[39m
  File: [36mC:/Users/PC/OneDrive - UNINTER - Aluno/Área de Trabalho/barber/BARBERSHOP/web/src/pages/Barbeiros.jsx[39m:77:10
      at constructor (C:\Users\PC\OneDrive - UNINTER - Aluno\Área de Trabalho\barber\BARBERSHOP\web\node_modules\@babel\parser\lib\index.js:369:19)
      at JSXParserMixin.raise (C:\Users\PC\OneDrive - UNINTER - Aluno\Área de Trabalho\barber\BARBERSHOP\web\node_modules\@babel\parser\lib\index.js:6620:19)
      at JSXParserMixin.jsxReadToken (C:\Users\PC\OneDrive - UNINTER - Aluno\Área de Trabalho\barber\BARBERSHOP\web\node_modules\@babel\parser\lib\index.js:4464:20)
      at JSXParserMixin.getTokenFromCode (C:\Users\PC\OneDrive - UNINTER - Aluno\Área de Trabalho\barber\BARBERSHOP\web\node_modules\@babel\parser\lib\index.js:4790:12)
      at JSXParserMixin.nextToken (C:\Users\PC\OneDrive - UNINTER - Aluno\Área de Trabalho\barber\BARBERSHOP\web\node_modules\@babel\parser\lib\index.js:5803:10)
      at JSXParserMixin.next (C:\Users\PC\OneDrive - UNINTER - Aluno\Área de Trabalho\barber\BARBERSHOP\web\node_modules\@babel\parser\lib\index.js:5713:10)
      at JSXParserMixin.eat (C:\Users\PC\OneDrive - UNINTER - Aluno\Área de Trabalho\barber\BARBERSHOP\web\node_modules\@babel\parser\lib\index.js:5717:12)
      at JSXParserMixin.expect (C:\Users\PC\OneDrive - UNINTER - Aluno\Área de Trabalho\barber\BARBERSHOP\web\node_modules\@babel\parser\lib\index.js:6919:15)
      at JSXParserMixin.jsxParseClosingElementAt (C:\Users\PC\OneDrive - UNINTER - Aluno\Área de Trabalho\barber\BARBERSHOP\web\node_modules\@babel\parser\lib\index.js:4696:10)
      at JSXParserMixin.jsxParseElementAt (C:\Users\PC\OneDrive - UNINTER - Aluno\Área de Trabalho\barber\BARBERSHOP\web\node_modules\@babel\parser\lib\index.js:4711:37)
      at JSXParserMixin.jsxParseElementAt (C:\Users\PC\OneDrive - UNINTER - Aluno\Área de Trabalho\barber\BARBERSHOP\web\node_modules\@babel\parser\lib\index.js:4714:32)
      at JSXParserMixin.jsxParseElement (C:\Users\PC\OneDrive - UNINTER - Aluno\Área de Trabalho\barber\BARBERSHOP\web\node_modules\@babel\parser\lib\index.js:4765:17)
      at JSXParserMixin.parseExprAtom (C:\Users\PC\OneDrive - UNINTER - Aluno\Área de Trabalho\barber\BARBERSHOP\web\node_modules\@babel\parser\lib\index.js:4775:19)
      at JSXParserMixin.parseExprSubscripts (C:\Users\PC\OneDrive - UNINTER - Aluno\Área de Trabalho\barber\BARBERSHOP\web\node_modules\@babel\parser\lib\index.js:11102:23)
      at JSXParserMixin.parseUpdate (C:\Users\PC\OneDrive - UNINTER - Aluno\Área de Trabalho\barber\BARBERSHOP\web\node_modules\@babel\parser\lib\index.js:11087:21)
      at JSXParserMixin.parseMaybeUnary (C:\Users\PC\OneDrive - UNINTER - Aluno\Área de Trabalho\barber\BARBERSHOP\web\node_modules\@babel\parser\lib\index.js:11067:23)
      at JSXParserMixin.parseMaybeUnaryOrPrivate (C:\Users\PC\OneDrive - UNINTER - Aluno\Área de Trabalho\barber\BARBERSHOP\web\node_modules\@babel\parser\lib\index.js:10920:61)
      at JSXParserMixin.parseExprOps (C:\Users\PC\OneDrive - UNINTER - Aluno\Área de Trabalho\barber\BARBERSHOP\web\node_modules\@babel\parser\lib\index.js:10925:23)
      at JSXParserMixin.parseMaybeConditional (C:\Users\PC\OneDrive - UNINTER - Aluno\Área de Trabalho\barber\BARBERSHOP\web\node_modules\@babel\parser\lib\index.js:10902:23)
      at JSXParserMixin.parseMaybeAssign (C:\Users\PC\OneDrive - UNINTER - Aluno\Área de Trabalho\barber\BARBERSHOP\web\node_modules\@babel\parser\lib\index.js:10852:21)
      at C:\Users\PC\OneDrive - UNINTER - Aluno\Área de Trabalho\barber\BARBERSHOP\web\node_modules\@babel\parser\lib\index.js:10821:39
      at JSXParserMixin.allowInAnd (C:\Users\PC\OneDrive - UNINTER - Aluno\Área de Trabalho\barber\BARBERSHOP\web\node_modules\@babel\parser\lib\index.js:12455:12)
      at JSXParserMixin.parseMaybeAssignAllowIn (C:\Users\PC\OneDrive - UNINTER - Aluno\Área de Trabalho\barber\BARBERSHOP\web\node_modules\@babel\parser\lib\index.js:10821:17)
      at JSXParserMixin.parseMaybeAssignAllowInOrVoidPattern (C:\Users\PC\OneDrive - UNINTER - Aluno\Área de Trabalho\barber\BARBERSHOP\web\node_modules\@babel\parser\lib\index.js:12522:17)
      at JSXParserMixin.parseParenAndDistinguishExpression (C:\Users\PC\OneDrive - UNINTER - Aluno\Área de Trabalho\barber\BARBERSHOP\web\node_modules\@babel\parser\lib\index.js:11701:28)
      at JSXParserMixin.parseExprAtom (C:\Users\PC\OneDrive - UNINTER - Aluno\Área de Trabalho\barber\BARBERSHOP\web\node_modules\@babel\parser\lib\index.js:11357:23)
      at JSXParserMixin.parseExprAtom (C:\Users\PC\OneDrive - UNINTER - Aluno\Área de Trabalho\barber\BARBERSHOP\web\node_modules\@babel\parser\lib\index.js:4780:20)
      at JSXParserMixin.parseExprSubscripts (C:\Users\PC\OneDrive - UNINTER - Aluno\Área de Trabalho\barber\BARBERSHOP\web\node_modules\@babel\parser\lib\index.js:11102:23)
      at JSXParserMixin.parseUpdate (C:\Users\PC\OneDrive - UNINTER - Aluno\Área de Trabalho\barber\BARBERSHOP\web\node_modules\@babel\parser\lib\index.js:11087:21)
      at JSXParserMixin.parseMaybeUnary (C:\Users\PC\OneDrive - UNINTER - Aluno\Área de Trabalho\barber\BARBERSHOP\web\node_modules\@babel\parser\lib\index.js:11067:23)
      at JSXParserMixin.parseMaybeUnaryOrPrivate (C:\Users\PC\OneDrive - UNINTER - Aluno\Área de Trabalho\barber\BARBERSHOP\web\node_modules\@babel\parser\lib\index.js:10920:61)
      at JSXParserMixin.parseExprOps (C:\Users\PC\OneDrive - UNINTER - Aluno\Área de Trabalho\barber\BARBERSHOP\web\node_modules\@babel\parser\lib\index.js:10925:23)
      at JSXParserMixin.parseMaybeConditional (C:\Users\PC\OneDrive - UNINTER - Aluno\Área de Trabalho\barber\BARBERSHOP\web\node_modules\@babel\parser\lib\index.js:10902:23)
      at JSXParserMixin.parseMaybeAssign (C:\Users\PC\OneDrive - UNINTER - Aluno\Área de Trabalho\barber\BARBERSHOP\web\node_modules\@babel\parser\lib\index.js:10852:21)
      at JSXParserMixin.parseExpressionBase (C:\Users\PC\OneDrive - UNINTER - Aluno\Área de Trabalho\barber\BARBERSHOP\web\node_modules\@babel\parser\lib\index.js:10805:23)
      at C:\Users\PC\OneDrive - UNINTER - Aluno\Área de Trabalho\barber\BARBERSHOP\web\node_modules\@babel\parser\lib\index.js:10801:39
      at JSXParserMixin.allowInAnd (C:\Users\PC\OneDrive - UNINTER - Aluno\Área de Trabalho\barber\BARBERSHOP\web\node_modules\@babel\parser\lib\index.js:12450:16)
      at JSXParserMixin.parseExpression (C:\Users\PC\OneDrive - UNINTER - Aluno\Área de Trabalho\barber\BARBERSHOP\web\node_modules\@babel\parser\lib\index.js:10801:17)
      at JSXParserMixin.parseReturnStatement (C:\Users\PC\OneDrive - UNINTER - Aluno\Área de Trabalho\barber\BARBERSHOP\web\node_modules\@babel\parser\lib\index.js:13171:28)
      at JSXParserMixin.parseStatementContent (C:\Users\PC\OneDrive - UNINTER - Aluno\Área de Trabalho\barber\BARBERSHOP\web\node_modules\@babel\parser\lib\index.js:12827:21)
      at JSXParserMixin.parseStatementLike (C:\Users\PC\OneDrive - UNINTER - Aluno\Área de Trabalho\barber\BARBERSHOP\web\node_modules\@babel\parser\lib\index.js:12796:17)
      at JSXParserMixin.parseStatementListItem (C:\Users\PC\OneDrive - UNINTER - Aluno\Área de Trabalho\barber\BARBERSHOP\web\node_modules\@babel\parser\lib\index.js:12776:17)
      at JSXParserMixin.parseBlockOrModuleBlockBody (C:\Users\PC\OneDrive - UNINTER - Aluno\Área de Trabalho\barber\BARBERSHOP\web\node_modules\@babel\parser\lib\index.js:13345:61)
      at JSXParserMixin.parseBlockBody (C:\Users\PC\OneDrive - UNINTER - Aluno\Área de Trabalho\barber\BARBERSHOP\web\node_modules\@babel\parser\lib\index.js:13338:10)
      at JSXParserMixin.parseBlock (C:\Users\PC\OneDrive - UNINTER - Aluno\Área de Trabalho\barber\BARBERSHOP\web\node_modules\@babel\parser\lib\index.js:13326:10)
      at JSXParserMixin.parseFunctionBody (C:\Users\PC\OneDrive - UNINTER - Aluno\Área de Trabalho\barber\BARBERSHOP\web\node_modules\@babel\parser\lib\index.js:12129:24)
      at JSXParserMixin.parseFunctionBodyAndFinish (C:\Users\PC\OneDrive - UNINTER - Aluno\Área de Trabalho\barber\BARBERSHOP\web\node_modules\@babel\parser\lib\index.js:12115:10)
      at C:\Users\PC\OneDrive - UNINTER - Aluno\Área de Trabalho\barber\BARBERSHOP\web\node_modules\@babel\parser\lib\index.js:13474:12
      at JSXParserMixin.withSmartMixTopicForbiddingContext (C:\Users\PC\OneDrive - UNINTER - Aluno\Área de Trabalho\barber\BARBERSHOP\web\node_modules\@babel\parser\lib\index.js:12432:14)
      at JSXParserMixin.parseFunction (C:\Users\PC\OneDrive - UNINTER - Aluno\Área de Trabalho\barber\BARBERSHOP\web\node_modules\@babel\parser\lib\index.js:13473:10)
[2m19:05:48[22m [31m[1m[vite][22m[39m [31mInternal server error: C:\Users\PC\OneDrive - UNINTER - Aluno\Área de Trabalho\barber\BARBERSHOP\web\src\pages\Barbeiros.jsx: Unterminated JSX contents. (77:10)

[0m [90m 75 |[31m         ))}
 [90m 76 |[31m       [33m<[31m[33m/[31m[33msection[31m[33m>[31m
[31m[1m>[22m[31m[90m 77 |[31m     [33m<[31m[33m/[31m[33mdiv[31m[33m>[31m
 [90m    |[31m           [31m[1m^[22m[31m
 [90m 78 |[31m   )[33m;[31m
 [90m 79 |[31m }
 [90m 80 |[31m[0m[39m
  Plugin: [35mvite:react-babel[39m
  File: [36mC:/Users/PC/OneDrive - UNINTER - Aluno/Área de Trabalho/barber/BARBERSHOP/web/src/pages/Barbeiros.jsx[39m:77:10
      at constructor (C:\Users\PC\OneDrive - UNINTER - Aluno\Área de Trabalho\barber\BARBERSHOP\web\node_modules\@babel\parser\lib\index.js:369:19)
      at JSXParserMixin.raise (C:\Users\PC\OneDrive - UNINTER - Aluno\Área de Trabalho\barber\BARBERSHOP\web\node_modules\@babel\parser\lib\index.js:6620:19)
      at JSXParserMixin.jsxReadToken (C:\Users\PC\OneDrive - UNINTER - Aluno\Área de Trabalho\barber\BARBERSHOP\web\node_modules\@babel\parser\lib\index.js:4464:20)
      at JSXParserMixin.getTokenFromCode (C:\Users\PC\OneDrive - UNINTER - Aluno\Área de Trabalho\barber\BARBERSHOP\web\node_modules\@babel\parser\lib\index.js:4790:12)
      at JSXParserMixin.nextToken (C:\Users\PC\OneDrive - UNINTER - Aluno\Área de Trabalho\barber\BARBERSHOP\web\node_modules\@babel\parser\lib\index.js:5803:10)
      at JSXParserMixin.next (C:\Users\PC\OneDrive - UNINTER - Aluno\Área de Trabalho\barber\BARBERSHOP\web\node_modules\@babel\parser\lib\index.js:5713:10)
      at JSXParserMixin.eat (C:\Users\PC\OneDrive - UNINTER - Aluno\Área de Trabalho\barber\BARBERSHOP\web\node_modules\@babel\parser\lib\index.js:5717:12)
      at JSXParserMixin.expect (C:\Users\PC\OneDrive - UNINTER - Aluno\Área de Trabalho\barber\BARBERSHOP\web\node_modules\@babel\parser\lib\index.js:6919:15)
      at JSXParserMixin.jsxParseClosingElementAt (C:\Users\PC\OneDrive - UNINTER - Aluno\Área de Trabalho\barber\BARBERSHOP\web\node_modules\@babel\parser\lib\index.js:4696:10)
      at JSXParserMixin.jsxParseElementAt (C:\Users\PC\OneDrive - UNINTER - Aluno\Área de Trabalho\barber\BARBERSHOP\web\node_modules\@babel\parser\lib\index.js:4711:37)
      at JSXParserMixin.jsxParseElementAt (C:\Users\PC\OneDrive - UNINTER - Aluno\Área de Trabalho\barber\BARBERSHOP\web\node_modules\@babel\parser\lib\index.js:4714:32)
      at JSXParserMixin.jsxParseElement (C:\Users\PC\OneDrive - UNINTER - Aluno\Área de Trabalho\barber\BARBERSHOP\web\node_modules\@babel\parser\lib\index.js:4765:17)
      at JSXParserMixin.parseExprAtom (C:\Users\PC\OneDrive - UNINTER - Aluno\Área de Trabalho\barber\BARBERSHOP\web\node_modules\@babel\parser\lib\index.js:4775:19)
      at JSXParserMixin.parseExprSubscripts (C:\Users\PC\OneDrive - UNINTER - Aluno\Área de Trabalho\barber\BARBERSHOP\web\node_modules\@babel\parser\lib\index.js:11102:23)
      at JSXParserMixin.parseUpdate (C:\Users\PC\OneDrive - UNINTER - Aluno\Área de Trabalho\barber\BARBERSHOP\web\node_modules\@babel\parser\lib\index.js:11087:21)
      at JSXParserMixin.parseMaybeUnary (C:\Users\PC\OneDrive - UNINTER - Aluno\Área de Trabalho\barber\BARBERSHOP\web\node_modules\@babel\parser\lib\index.js:11067:23)
      at JSXParserMixin.parseMaybeUnaryOrPrivate (C:\Users\PC\OneDrive - UNINTER - Aluno\Área de Trabalho\barber\BARBERSHOP\web\node_modules\@babel\parser\lib\index.js:10920:61)
      at JSXParserMixin.parseExprOps (C:\Users\PC\OneDrive - UNINTER - Aluno\Área de Trabalho\barber\BARBERSHOP\web\node_modules\@babel\parser\lib\index.js:10925:23)
      at JSXParserMixin.parseMaybeConditional (C:\Users\PC\OneDrive - UNINTER - Aluno\Área de Trabalho\barber\BARBERSHOP\web\node_modules\@babel\parser\lib\index.js:10902:23)
      at JSXParserMixin.parseMaybeAssign (C:\Users\PC\OneDrive - UNINTER - Aluno\Área de Trabalho\barber\BARBERSHOP\web\node_modules\@babel\parser\lib\index.js:10852:21)
      at C:\Users\PC\OneDrive - UNINTER - Aluno\Área de Trabalho\barber\BARBERSHOP\web\node_modules\@babel\parser\lib\index.js:10821:39
      at JSXParserMixin.allowInAnd (C:\Users\PC\OneDrive - UNINTER - Aluno\Área de Trabalho\barber\BARBERSHOP\web\node_modules\@babel\parser\lib\index.js:12455:12)
      at JSXParserMixin.parseMaybeAssignAllowIn (C:\Users\PC\OneDrive - UNINTER - Aluno\Área de Trabalho\barber\BARBERSHOP\web\node_modules\@babel\parser\lib\index.js:10821:17)
      at JSXParserMixin.parseMaybeAssignAllowInOrVoidPattern (C:\Users\PC\OneDrive - UNINTER - Aluno\Área de Trabalho\barber\BARBERSHOP\web\node_modules\@babel\parser\lib\index.js:12522:17)
      at JSXParserMixin.parseParenAndDistinguishExpression (C:\Users\PC\OneDrive - UNINTER - Aluno\Área de Trabalho\barber\BARBERSHOP\web\node_modules\@babel\parser\lib\index.js:11701:28)
      at JSXParserMixin.parseExprAtom (C:\Users\PC\OneDrive - UNINTER - Aluno\Área de Trabalho\barber\BARBERSHOP\web\node_modules\@babel\parser\lib\index.js:11357:23)
      at JSXParserMixin.parseExprAtom (C:\Users\PC\OneDrive - UNINTER - Aluno\Área de Trabalho\barber\BARBERSHOP\web\node_modules\@babel\parser\lib\index.js:4780:20)
      at JSXParserMixin.parseExprSubscripts (C:\Users\PC\OneDrive - UNINTER - Aluno\Área de Trabalho\barber\BARBERSHOP\web\node_modules\@babel\parser\lib\index.js:11102:23)
      at JSXParserMixin.parseUpdate (C:\Users\PC\OneDrive - UNINTER - Aluno\Área de Trabalho\barber\BARBERSHOP\web\node_modules\@babel\parser\lib\index.js:11087:21)
      at JSXParserMixin.parseMaybeUnary (C:\Users\PC\OneDrive - UNINTER - Aluno\Área de Trabalho\barber\BARBERSHOP\web\node_modules\@babel\parser\lib\index.js:11067:23)
      at JSXParserMixin.parseMaybeUnaryOrPrivate (C:\Users\PC\OneDrive - UNINTER - Aluno\Área de Trabalho\barber\BARBERSHOP\web\node_modules\@babel\parser\lib\index.js:10920:61)
      at JSXParserMixin.parseExprOps (C:\Users\PC\OneDrive - UNINTER - Aluno\Área de Trabalho\barber\BARBERSHOP\web\node_modules\@babel\parser\lib\index.js:10925:23)
      at JSXParserMixin.parseMaybeConditional (C:\Users\PC\OneDrive - UNINTER - Aluno\Área de Trabalho\barber\BARBERSHOP\web\node_modules\@babel\parser\lib\index.js:10902:23)
      at JSXParserMixin.parseMaybeAssign (C:\Users\PC\OneDrive - UNINTER - Aluno\Área de Trabalho\barber\BARBERSHOP\web\node_modules\@babel\parser\lib\index.js:10852:21)
      at JSXParserMixin.parseExpressionBase (C:\Users\PC\OneDrive - UNINTER - Aluno\Área de Trabalho\barber\BARBERSHOP\web\node_modules\@babel\parser\lib\index.js:10805:23)
      at C:\Users\PC\OneDrive - UNINTER - Aluno\Área de Trabalho\barber\BARBERSHOP\web\node_modules\@babel\parser\lib\index.js:10801:39
      at JSXParserMixin.allowInAnd (C:\Users\PC\OneDrive - UNINTER - Aluno\Área de Trabalho\barber\BARBERSHOP\web\node_modules\@babel\parser\lib\index.js:12450:16)
      at JSXParserMixin.parseExpression (C:\Users\PC\OneDrive - UNINTER - Aluno\Área de Trabalho\barber\BARBERSHOP\web\node_modules\@babel\parser\lib\index.js:10801:17)
      at JSXParserMixin.parseReturnStatement (C:\Users\PC\OneDrive - UNINTER - Aluno\Área de Trabalho\barber\BARBERSHOP\web\node_modules\@babel\parser\lib\index.js:13171:28)
      at JSXParserMixin.parseStatementContent (C:\Users\PC\OneDrive - UNINTER - Aluno\Área de Trabalho\barber\BARBERSHOP\web\node_modules\@babel\parser\lib\index.js:12827:21)
      at JSXParserMixin.parseStatementLike (C:\Users\PC\OneDrive - UNINTER - Aluno\Área de Trabalho\barber\BARBERSHOP\web\node_modules\@babel\parser\lib\index.js:12796:17)
      at JSXParserMixin.parseStatementListItem (C:\Users\PC\OneDrive - UNINTER - Aluno\Área de Trabalho\barber\BARBERSHOP\web\node_modules\@babel\parser\lib\index.js:12776:17)
      at JSXParserMixin.parseBlockOrModuleBlockBody (C:\Users\PC\OneDrive - UNINTER - Aluno\Área de Trabalho\barber\BARBERSHOP\web\node_modules\@babel\parser\lib\index.js:13345:61)
      at JSXParserMixin.parseBlockBody (C:\Users\PC\OneDrive - UNINTER - Aluno\Área de Trabalho\barber\BARBERSHOP\web\node_modules\@babel\parser\lib\index.js:13338:10)
      at JSXParserMixin.parseBlock (C:\Users\PC\OneDrive - UNINTER - Aluno\Área de Trabalho\barber\BARBERSHOP\web\node_modules\@babel\parser\lib\index.js:13326:10)
      at JSXParserMixin.parseFunctionBody (C:\Users\PC\OneDrive - UNINTER - Aluno\Área de Trabalho\barber\BARBERSHOP\web\node_modules\@babel\parser\lib\index.js:12129:24)
      at JSXParserMixin.parseFunctionBodyAndFinish (C:\Users\PC\OneDrive - UNINTER - Aluno\Área de Trabalho\barber\BARBERSHOP\web\node_modules\@babel\parser\lib\index.js:12115:10)
      at C:\Users\PC\OneDrive - UNINTER - Aluno\Área de Trabalho\barber\BARBERSHOP\web\node_modules\@babel\parser\lib\index.js:13474:12
      at JSXParserMixin.withSmartMixTopicForbiddingContext (C:\Users\PC\OneDrive - UNINTER - Aluno\Área de Trabalho\barber\BARBERSHOP\web\node_modules\@babel\parser\lib\index.js:12432:14)
      at JSXParserMixin.parseFunction (C:\Users\PC\OneDrive - UNINTER - Aluno\Área de Trabalho\barber\BARBERSHOP\web\node_modules\@babel\parser\lib\index.js:13473:10)
[2m19:05:53[22m [31m[1m[vite][22m[39m [31mInternal server error: C:\Users\PC\OneDrive - UNINTER - Aluno\Área de Trabalho\barber\BARBERSHOP\web\src\pages\Sobre.jsx: Unterminated JSX contents. (49:10)

[0m [90m 47 |[31m         [33m<[31m[33m/[31m[33mdiv[31m[33m>[31m
 [90m 48 |[31m       [33m<[31m[33m/[31m[33msection[31m[33m>[31m
[31m[1m>[22m[31m[90m 49 |[31m     [33m<[31m[33m/[31m[33mdiv[31m[33m>[31m
 [90m    |[31m           [31m[1m^[22m[31m
 [90m 50 |[31m   )[33m;[31m
 [90m 51 |[31m }
 [90m 52 |[31m[0m[39m
  Plugin: [35mvite:react-babel[39m
  File: [36mC:/Users/PC/OneDrive - UNINTER - Aluno/Área de Trabalho/barber/BARBERSHOP/web/src/pages/Sobre.jsx[39m:49:10
      at constructor (C:\Users\PC\OneDrive - UNINTER - Aluno\Área de Trabalho\barber\BARBERSHOP\web\node_modules\@babel\parser\lib\index.js:369:19)
      at JSXParserMixin.raise (C:\Users\PC\OneDrive - UNINTER - Aluno\Área de Trabalho\barber\BARBERSHOP\web\node_modules\@babel\parser\lib\index.js:6620:19)
      at JSXParserMixin.jsxReadToken (C:\Users\PC\OneDrive - UNINTER - Aluno\Área de Trabalho\barber\BARBERSHOP\web\node_modules\@babel\parser\lib\index.js:4464:20)
      at JSXParserMixin.getTokenFromCode (C:\Users\PC\OneDrive - UNINTER - Aluno\Área de Trabalho\barber\BARBERSHOP\web\node_modules\@babel\parser\lib\index.js:4790:12)
      at JSXParserMixin.nextToken (C:\Users\PC\OneDrive - UNINTER - Aluno\Área de Trabalho\barber\BARBERSHOP\web\node_modules\@babel\parser\lib\index.js:5803:10)
      at JSXParserMixin.next (C:\Users\PC\OneDrive - UNINTER - Aluno\Área de Trabalho\barber\BARBERSHOP\web\node_modules\@babel\parser\lib\index.js:5713:10)
      at JSXParserMixin.eat (C:\Users\PC\OneDrive - UNINTER - Aluno\Área de Trabalho\barber\BARBERSHOP\web\node_modules\@babel\parser\lib\index.js:5717:12)
      at JSXParserMixin.expect (C:\Users\PC\OneDrive - UNINTER - Aluno\Área de Trabalho\barber\BARBERSHOP\web\node_modules\@babel\parser\lib\index.js:6919:15)
      at JSXParserMixin.jsxParseClosingElementAt (C:\Users\PC\OneDrive - UNINTER - Aluno\Área de Trabalho\barber\BARBERSHOP\web\node_modules\@babel\parser\lib\index.js:4696:10)
      at JSXParserMixin.jsxParseElementAt (C:\Users\PC\OneDrive - UNINTER - Aluno\Área de Trabalho\barber\BARBERSHOP\web\node_modules\@babel\parser\lib\index.js:4711:37)
      at JSXParserMixin.jsxParseElementAt (C:\Users\PC\OneDrive - UNINTER - Aluno\Área de Trabalho\barber\BARBERSHOP\web\node_modules\@babel\parser\lib\index.js:4714:32)
      at JSXParserMixin.jsxParseElement (C:\Users\PC\OneDrive - UNINTER - Aluno\Área de Trabalho\barber\BARBERSHOP\web\node_modules\@babel\parser\lib\index.js:4765:17)
      at JSXParserMixin.parseExprAtom (C:\Users\PC\OneDrive - UNINTER - Aluno\Área de Trabalho\barber\BARBERSHOP\web\node_modules\@babel\parser\lib\index.js:4775:19)
      at JSXParserMixin.parseExprSubscripts (C:\Users\PC\OneDrive - UNINTER - Aluno\Área de Trabalho\barber\BARBERSHOP\web\node_modules\@babel\parser\lib\index.js:11102:23)
      at JSXParserMixin.parseUpdate (C:\Users\PC\OneDrive - UNINTER - Aluno\Área de Trabalho\barber\BARBERSHOP\web\node_modules\@babel\parser\lib\index.js:11087:21)
      at JSXParserMixin.parseMaybeUnary (C:\Users\PC\OneDrive - UNINTER - Aluno\Área de Trabalho\barber\BARBERSHOP\web\node_modules\@babel\parser\lib\index.js:11067:23)
      at JSXParserMixin.parseMaybeUnaryOrPrivate (C:\Users\PC\OneDrive - UNINTER - Aluno\Área de Trabalho\barber\BARBERSHOP\web\node_modules\@babel\parser\lib\index.js:10920:61)
      at JSXParserMixin.parseExprOps (C:\Users\PC\OneDrive - UNINTER - Aluno\Área de Trabalho\barber\BARBERSHOP\web\node_modules\@babel\parser\lib\index.js:10925:23)
      at JSXParserMixin.parseMaybeConditional (C:\Users\PC\OneDrive - UNINTER - Aluno\Área de Trabalho\barber\BARBERSHOP\web\node_modules\@babel\parser\lib\index.js:10902:23)
      at JSXParserMixin.parseMaybeAssign (C:\Users\PC\OneDrive - UNINTER - Aluno\Área de Trabalho\barber\BARBERSHOP\web\node_modules\@babel\parser\lib\index.js:10852:21)
      at C:\Users\PC\OneDrive - UNINTER - Aluno\Área de Trabalho\barber\BARBERSHOP\web\node_modules\@babel\parser\lib\index.js:10821:39
      at JSXParserMixin.allowInAnd (C:\Users\PC\OneDrive - UNINTER - Aluno\Área de Trabalho\barber\BARBERSHOP\web\node_modules\@babel\parser\lib\index.js:12455:12)
      at JSXParserMixin.parseMaybeAssignAllowIn (C:\Users\PC\OneDrive - UNINTER - Aluno\Área de Trabalho\barber\BARBERSHOP\web\node_modules\@babel\parser\lib\index.js:10821:17)
      at JSXParserMixin.parseMaybeAssignAllowInOrVoidPattern (C:\Users\PC\OneDrive - UNINTER - Aluno\Área de Trabalho\barber\BARBERSHOP\web\node_modules\@babel\parser\lib\index.js:12522:17)
      at JSXParserMixin.parseParenAndDistinguishExpression (C:\Users\PC\OneDrive - UNINTER - Aluno\Área de Trabalho\barber\BARBERSHOP\web\node_modules\@babel\parser\lib\index.js:11701:28)
      at JSXParserMixin.parseExprAtom (C:\Users\PC\OneDrive - UNINTER - Aluno\Área de Trabalho\barber\BARBERSHOP\web\node_modules\@babel\parser\lib\index.js:11357:23)
      at JSXParserMixin.parseExprAtom (C:\Users\PC\OneDrive - UNINTER - Aluno\Área de Trabalho\barber\BARBERSHOP\web\node_modules\@babel\parser\lib\index.js:4780:20)
      at JSXParserMixin.parseExprSubscripts (C:\Users\PC\OneDrive - UNINTER - Aluno\Área de Trabalho\barber\BARBERSHOP\web\node_modules\@babel\parser\lib\index.js:11102:23)
      at JSXParserMixin.parseUpdate (C:\Users\PC\OneDrive - UNINTER - Aluno\Área de Trabalho\barber\BARBERSHOP\web\node_modules\@babel\parser\lib\index.js:11087:21)
      at JSXParserMixin.parseMaybeUnary (C:\Users\PC\OneDrive - UNINTER - Aluno\Área de Trabalho\barber\BARBERSHOP\web\node_modules\@babel\parser\lib\index.js:11067:23)
      at JSXParserMixin.parseMaybeUnaryOrPrivate (C:\Users\PC\OneDrive - UNINTER - Aluno\Área de Trabalho\barber\BARBERSHOP\web\node_modules\@babel\parser\lib\index.js:10920:61)
      at JSXParserMixin.parseExprOps (C:\Users\PC\OneDrive - UNINTER - Aluno\Área de Trabalho\barber\BARBERSHOP\web\node_modules\@babel\parser\lib\index.js:10925:23)
      at JSXParserMixin.parseMaybeConditional (C:\Users\PC\OneDrive - UNINTER - Aluno\Área de Trabalho\barber\BARBERSHOP\web\node_modules\@babel\parser\lib\index.js:10902:23)
      at JSXParserMixin.parseMaybeAssign (C:\Users\PC\OneDrive - UNINTER - Aluno\Área de Trabalho\barber\BARBERSHOP\web\node_modules\@babel\parser\lib\index.js:10852:21)
      at JSXParserMixin.parseExpressionBase (C:\Users\PC\OneDrive - UNINTER - Aluno\Área de Trabalho\barber\BARBERSHOP\web\node_modules\@babel\parser\lib\index.js:10805:23)
      at C:\Users\PC\OneDrive - UNINTER - Aluno\Área de Trabalho\barber\BARBERSHOP\web\node_modules\@babel\parser\lib\index.js:10801:39
      at JSXParserMixin.allowInAnd (C:\Users\PC\OneDrive - UNINTER - Aluno\Área de Trabalho\barber\BARBERSHOP\web\node_modules\@babel\parser\lib\index.js:12450:16)
      at JSXParserMixin.parseExpression (C:\Users\PC\OneDrive - UNINTER - Aluno\Área de Trabalho\barber\BARBERSHOP\web\node_modules\@babel\parser\lib\index.js:10801:17)
      at JSXParserMixin.parseReturnStatement (C:\Users\PC\OneDrive - UNINTER - Aluno\Área de Trabalho\barber\BARBERSHOP\web\node_modules\@babel\parser\lib\index.js:13171:28)
      at JSXParserMixin.parseStatementContent (C:\Users\PC\OneDrive - UNINTER - Aluno\Área de Trabalho\barber\BARBERSHOP\web\node_modules\@babel\parser\lib\index.js:12827:21)
      at JSXParserMixin.parseStatementLike (C:\Users\PC\OneDrive - UNINTER - Aluno\Área de Trabalho\barber\BARBERSHOP\web\node_modules\@babel\parser\lib\index.js:12796:17)
      at JSXParserMixin.parseStatementListItem (C:\Users\PC\OneDrive - UNINTER - Aluno\Área de Trabalho\barber\BARBERSHOP\web\node_modules\@babel\parser\lib\index.js:12776:17)
      at JSXParserMixin.parseBlockOrModuleBlockBody (C:\Users\PC\OneDrive - UNINTER - Aluno\Área de Trabalho\barber\BARBERSHOP\web\node_modules\@babel\parser\lib\index.js:13345:61)
      at JSXParserMixin.parseBlockBody (C:\Users\PC\OneDrive - UNINTER - Aluno\Área de Trabalho\barber\BARBERSHOP\web\node_modules\@babel\parser\lib\index.js:13338:10)
      at JSXParserMixin.parseBlock (C:\Users\PC\OneDrive - UNINTER - Aluno\Área de Trabalho\barber\BARBERSHOP\web\node_modules\@babel\parser\lib\index.js:13326:10)
      at JSXParserMixin.parseFunctionBody (C:\Users\PC\OneDrive - UNINTER - Aluno\Área de Trabalho\barber\BARBERSHOP\web\node_modules\@babel\parser\lib\index.js:12129:24)
      at JSXParserMixin.parseFunctionBodyAndFinish (C:\Users\PC\OneDrive - UNINTER - Aluno\Área de Trabalho\barber\BARBERSHOP\web\node_modules\@babel\parser\lib\index.js:12115:10)
      at C:\Users\PC\OneDrive - UNINTER - Aluno\Área de Trabalho\barber\BARBERSHOP\web\node_modules\@babel\parser\lib\index.js:13474:12
      at JSXParserMixin.withSmartMixTopicForbiddingContext (C:\Users\PC\OneDrive - UNINTER - Aluno\Área de Trabalho\barber\BARBERSHOP\web\node_modules\@babel\parser\lib\index.js:12432:14)
      at JSXParserMixin.parseFunction (C:\Users\PC\OneDrive - UNINTER - Aluno\Área de Trabalho\barber\BARBERSHOP\web\node_modules\@babel\parser\lib\index.js:13473:10)
[2m19:05:53[22m [31m[1m[vite][22m[39m [31mInternal server error: C:\Users\PC\OneDrive - UNINTER - Aluno\Área de Trabalho\barber\BARBERSHOP\web\src\pages\Sobre.jsx: Unterminated JSX contents. (49:10)

[0m [90m 47 |[31m         [33m<[31m[33m/[31m[33mdiv[31m[33m>[31m
 [90m 48 |[31m       [33m<[31m[33m/[31m[33msection[31m[33m>[31m
[31m[1m>[22m[31m[90m 49 |[31m     [33m<[31m[33m/[31m[33mdiv[31m[33m>[31m
 [90m    |[31m           [31m[1m^[22m[31m
 [90m 50 |[31m   )[33m;[31m
 [90m 51 |[31m }
 [90m 52 |[31m[0m[39m
  Plugin: [35mvite:react-babel[39m
  File: [36mC:/Users/PC/OneDrive - UNINTER - Aluno/Área de Trabalho/barber/BARBERSHOP/web/src/pages/Sobre.jsx[39m:49:10
      at constructor (C:\Users\PC\OneDrive - UNINTER - Aluno\Área de Trabalho\barber\BARBERSHOP\web\node_modules\@babel\parser\lib\index.js:369:19)
      at JSXParserMixin.raise (C:\Users\PC\OneDrive - UNINTER - Aluno\Área de Trabalho\barber\BARBERSHOP\web\node_modules\@babel\parser\lib\index.js:6620:19)
      at JSXParserMixin.jsxReadToken (C:\Users\PC\OneDrive - UNINTER - Aluno\Área de Trabalho\barber\BARBERSHOP\web\node_modules\@babel\parser\lib\index.js:4464:20)
      at JSXParserMixin.getTokenFromCode (C:\Users\PC\OneDrive - UNINTER - Aluno\Área de Trabalho\barber\BARBERSHOP\web\node_modules\@babel\parser\lib\index.js:4790:12)
      at JSXParserMixin.nextToken (C:\Users\PC\OneDrive - UNINTER - Aluno\Área de Trabalho\barber\BARBERSHOP\web\node_modules\@babel\parser\lib\index.js:5803:10)
      at JSXParserMixin.next (C:\Users\PC\OneDrive - UNINTER - Aluno\Área de Trabalho\barber\BARBERSHOP\web\node_modules\@babel\parser\lib\index.js:5713:10)
      at JSXParserMixin.eat (C:\Users\PC\OneDrive - UNINTER - Aluno\Área de Trabalho\barber\BARBERSHOP\web\node_modules\@babel\parser\lib\index.js:5717:12)
      at JSXParserMixin.expect (C:\Users\PC\OneDrive - UNINTER - Aluno\Área de Trabalho\barber\BARBERSHOP\web\node_modules\@babel\parser\lib\index.js:6919:15)
      at JSXParserMixin.jsxParseClosingElementAt (C:\Users\PC\OneDrive - UNINTER - Aluno\Área de Trabalho\barber\BARBERSHOP\web\node_modules\@babel\parser\lib\index.js:4696:10)
      at JSXParserMixin.jsxParseElementAt (C:\Users\PC\OneDrive - UNINTER - Aluno\Área de Trabalho\barber\BARBERSHOP\web\node_modules\@babel\parser\lib\index.js:4711:37)
      at JSXParserMixin.jsxParseElementAt (C:\Users\PC\OneDrive - UNINTER - Aluno\Área de Trabalho\barber\BARBERSHOP\web\node_modules\@babel\parser\lib\index.js:4714:32)
      at JSXParserMixin.jsxParseElement (C:\Users\PC\OneDrive - UNINTER - Aluno\Área de Trabalho\barber\BARBERSHOP\web\node_modules\@babel\parser\lib\index.js:4765:17)
      at JSXParserMixin.parseExprAtom (C:\Users\PC\OneDrive - UNINTER - Aluno\Área de Trabalho\barber\BARBERSHOP\web\node_modules\@babel\parser\lib\index.js:4775:19)
      at JSXParserMixin.parseExprSubscripts (C:\Users\PC\OneDrive - UNINTER - Aluno\Área de Trabalho\barber\BARBERSHOP\web\node_modules\@babel\parser\lib\index.js:11102:23)
      at JSXParserMixin.parseUpdate (C:\Users\PC\OneDrive - UNINTER - Aluno\Área de Trabalho\barber\BARBERSHOP\web\node_modules\@babel\parser\lib\index.js:11087:21)
      at JSXParserMixin.parseMaybeUnary (C:\Users\PC\OneDrive - UNINTER - Aluno\Área de Trabalho\barber\BARBERSHOP\web\node_modules\@babel\parser\lib\index.js:11067:23)
      at JSXParserMixin.parseMaybeUnaryOrPrivate (C:\Users\PC\OneDrive - UNINTER - Aluno\Área de Trabalho\barber\BARBERSHOP\web\node_modules\@babel\parser\lib\index.js:10920:61)
      at JSXParserMixin.parseExprOps (C:\Users\PC\OneDrive - UNINTER - Aluno\Área de Trabalho\barber\BARBERSHOP\web\node_modules\@babel\parser\lib\index.js:10925:23)
      at JSXParserMixin.parseMaybeConditional (C:\Users\PC\OneDrive - UNINTER - Aluno\Área de Trabalho\barber\BARBERSHOP\web\node_modules\@babel\parser\lib\index.js:10902:23)
      at JSXParserMixin.parseMaybeAssign (C:\Users\PC\OneDrive - UNINTER - Aluno\Área de Trabalho\barber\BARBERSHOP\web\node_modules\@babel\parser\lib\index.js:10852:21)
      at C:\Users\PC\OneDrive - UNINTER - Aluno\Área de Trabalho\barber\BARBERSHOP\web\node_modules\@babel\parser\lib\index.js:10821:39
      at JSXParserMixin.allowInAnd (C:\Users\PC\OneDrive - UNINTER - Aluno\Área de Trabalho\barber\BARBERSHOP\web\node_modules\@babel\parser\lib\index.js:12455:12)
      at JSXParserMixin.parseMaybeAssignAllowIn (C:\Users\PC\OneDrive - UNINTER - Aluno\Área de Trabalho\barber\BARBERSHOP\web\node_modules\@babel\parser\lib\index.js:10821:17)
      at JSXParserMixin.parseMaybeAssignAllowInOrVoidPattern (C:\Users\PC\OneDrive - UNINTER - Aluno\Área de Trabalho\barber\BARBERSHOP\web\node_modules\@babel\parser\lib\index.js:12522:17)
      at JSXParserMixin.parseParenAndDistinguishExpression (C:\Users\PC\OneDrive - UNINTER - Aluno\Área de Trabalho\barber\BARBERSHOP\web\node_modules\@babel\parser\lib\index.js:11701:28)
      at JSXParserMixin.parseExprAtom (C:\Users\PC\OneDrive - UNINTER - Aluno\Área de Trabalho\barber\BARBERSHOP\web\node_modules\@babel\parser\lib\index.js:11357:23)
      at JSXParserMixin.parseExprAtom (C:\Users\PC\OneDrive - UNINTER - Aluno\Área de Trabalho\barber\BARBERSHOP\web\node_modules\@babel\parser\lib\index.js:4780:20)
      at JSXParserMixin.parseExprSubscripts (C:\Users\PC\OneDrive - UNINTER - Aluno\Área de Trabalho\barber\BARBERSHOP\web\node_modules\@babel\parser\lib\index.js:11102:23)
      at JSXParserMixin.parseUpdate (C:\Users\PC\OneDrive - UNINTER - Aluno\Área de Trabalho\barber\BARBERSHOP\web\node_modules\@babel\parser\lib\index.js:11087:21)
      at JSXParserMixin.parseMaybeUnary (C:\Users\PC\OneDrive - UNINTER - Aluno\Área de Trabalho\barber\BARBERSHOP\web\node_modules\@babel\parser\lib\index.js:11067:23)
      at JSXParserMixin.parseMaybeUnaryOrPrivate (C:\Users\PC\OneDrive - UNINTER - Aluno\Área de Trabalho\barber\BARBERSHOP\web\node_modules\@babel\parser\lib\index.js:10920:61)
      at JSXParserMixin.parseExprOps (C:\Users\PC\OneDrive - UNINTER - Aluno\Área de Trabalho\barber\BARBERSHOP\web\node_modules\@babel\parser\lib\index.js:10925:23)
      at JSXParserMixin.parseMaybeConditional (C:\Users\PC\OneDrive - UNINTER - Aluno\Área de Trabalho\barber\BARBERSHOP\web\node_modules\@babel\parser\lib\index.js:10902:23)
      at JSXParserMixin.parseMaybeAssign (C:\Users\PC\OneDrive - UNINTER - Aluno\Área de Trabalho\barber\BARBERSHOP\web\node_modules\@babel\parser\lib\index.js:10852:21)
      at JSXParserMixin.parseExpressionBase (C:\Users\PC\OneDrive - UNINTER - Aluno\Área de Trabalho\barber\BARBERSHOP\web\node_modules\@babel\parser\lib\index.js:10805:23)
      at C:\Users\PC\OneDrive - UNINTER - Aluno\Área de Trabalho\barber\BARBERSHOP\web\node_modules\@babel\parser\lib\index.js:10801:39
      at JSXParserMixin.allowInAnd (C:\Users\PC\OneDrive - UNINTER - Aluno\Área de Trabalho\barber\BARBERSHOP\web\node_modules\@babel\parser\lib\index.js:12450:16)
      at JSXParserMixin.parseExpression (C:\Users\PC\OneDrive - UNINTER - Aluno\Área de Trabalho\barber\BARBERSHOP\web\node_modules\@babel\parser\lib\index.js:10801:17)
      at JSXParserMixin.parseReturnStatement (C:\Users\PC\OneDrive - UNINTER - Aluno\Área de Trabalho\barber\BARBERSHOP\web\node_modules\@babel\parser\lib\index.js:13171:28)
      at JSXParserMixin.parseStatementContent (C:\Users\PC\OneDrive - UNINTER - Aluno\Área de Trabalho\barber\BARBERSHOP\web\node_modules\@babel\parser\lib\index.js:12827:21)
      at JSXParserMixin.parseStatementLike (C:\Users\PC\OneDrive - UNINTER - Aluno\Área de Trabalho\barber\BARBERSHOP\web\node_modules\@babel\parser\lib\index.js:12796:17)
      at JSXParserMixin.parseStatementListItem (C:\Users\PC\OneDrive - UNINTER - Aluno\Área de Trabalho\barber\BARBERSHOP\web\node_modules\@babel\parser\lib\index.js:12776:17)
      at JSXParserMixin.parseBlockOrModuleBlockBody (C:\Users\PC\OneDrive - UNINTER - Aluno\Área de Trabalho\barber\BARBERSHOP\web\node_modules\@babel\parser\lib\index.js:13345:61)
      at JSXParserMixin.parseBlockBody (C:\Users\PC\OneDrive - UNINTER - Aluno\Área de Trabalho\barber\BARBERSHOP\web\node_modules\@babel\parser\lib\index.js:13338:10)
      at JSXParserMixin.parseBlock (C:\Users\PC\OneDrive - UNINTER - Aluno\Área de Trabalho\barber\BARBERSHOP\web\node_modules\@babel\parser\lib\index.js:13326:10)
      at JSXParserMixin.parseFunctionBody (C:\Users\PC\OneDrive - UNINTER - Aluno\Área de Trabalho\barber\BARBERSHOP\web\node_modules\@babel\parser\lib\index.js:12129:24)
      at JSXParserMixin.parseFunctionBodyAndFinish (C:\Users\PC\OneDrive - UNINTER - Aluno\Área de Trabalho\barber\BARBERSHOP\web\node_modules\@babel\parser\lib\index.js:12115:10)
      at C:\Users\PC\OneDrive - UNINTER - Aluno\Área de Trabalho\barber\BARBERSHOP\web\node_modules\@babel\parser\lib\index.js:13474:12
      at JSXParserMixin.withSmartMixTopicForbiddingContext (C:\Users\PC\OneDrive - UNINTER - Aluno\Área de Trabalho\barber\BARBERSHOP\web\node_modules\@babel\parser\lib\index.js:12432:14)
      at JSXParserMixin.parseFunction (C:\Users\PC\OneDrive - UNINTER - Aluno\Área de Trabalho\barber\BARBERSHOP\web\node_modules\@babel\parser\lib\index.js:13473:10)
[2m19:05:53[22m [31m[1m[vite][22m[39m [31mInternal server error: C:\Users\PC\OneDrive - UNINTER - Aluno\Área de Trabalho\barber\BARBERSHOP\web\src\pages\Sobre.jsx: Unterminated JSX contents. (49:10)

[0m [90m 47 |[31m         [33m<[31m[33m/[31m[33mdiv[31m[33m>[31m
 [90m 48 |[31m       [33m<[31m[33m/[31m[33msection[31m[33m>[31m
[31m[1m>[22m[31m[90m 49 |[31m     [33m<[31m[33m/[31m[33mdiv[31m[33m>[31m
 [90m    |[31m           [31m[1m^[22m[31m
 [90m 50 |[31m   )[33m;[31m
 [90m 51 |[31m }
 [90m 52 |[31m[0m[39m
  Plugin: [35mvite:react-babel[39m
  File: [36mC:/Users/PC/OneDrive - UNINTER - Aluno/Área de Trabalho/barber/BARBERSHOP/web/src/pages/Sobre.jsx[39m:49:10
      at constructor (C:\Users\PC\OneDrive - UNINTER - Aluno\Área de Trabalho\barber\BARBERSHOP\web\node_modules\@babel\parser\lib\index.js:369:19)
      at JSXParserMixin.raise (C:\Users\PC\OneDrive - UNINTER - Aluno\Área de Trabalho\barber\BARBERSHOP\web\node_modules\@babel\parser\lib\index.js:6620:19)
      at JSXParserMixin.jsxReadToken (C:\Users\PC\OneDrive - UNINTER - Aluno\Área de Trabalho\barber\BARBERSHOP\web\node_modules\@babel\parser\lib\index.js:4464:20)
      at JSXParserMixin.getTokenFromCode (C:\Users\PC\OneDrive - UNINTER - Aluno\Área de Trabalho\barber\BARBERSHOP\web\node_modules\@babel\parser\lib\index.js:4790:12)
      at JSXParserMixin.nextToken (C:\Users\PC\OneDrive - UNINTER - Aluno\Área de Trabalho\barber\BARBERSHOP\web\node_modules\@babel\parser\lib\index.js:5803:10)
      at JSXParserMixin.next (C:\Users\PC\OneDrive - UNINTER - Aluno\Área de Trabalho\barber\BARBERSHOP\web\node_modules\@babel\parser\lib\index.js:5713:10)
      at JSXParserMixin.eat (C:\Users\PC\OneDrive - UNINTER - Aluno\Área de Trabalho\barber\BARBERSHOP\web\node_modules\@babel\parser\lib\index.js:5717:12)
      at JSXParserMixin.expect (C:\Users\PC\OneDrive - UNINTER - Aluno\Área de Trabalho\barber\BARBERSHOP\web\node_modules\@babel\parser\lib\index.js:6919:15)
      at JSXParserMixin.jsxParseClosingElementAt (C:\Users\PC\OneDrive - UNINTER - Aluno\Área de Trabalho\barber\BARBERSHOP\web\node_modules\@babel\parser\lib\index.js:4696:10)
      at JSXParserMixin.jsxParseElementAt (C:\Users\PC\OneDrive - UNINTER - Aluno\Área de Trabalho\barber\BARBERSHOP\web\node_modules\@babel\parser\lib\index.js:4711:37)
      at JSXParserMixin.jsxParseElementAt (C:\Users\PC\OneDrive - UNINTER - Aluno\Área de Trabalho\barber\BARBERSHOP\web\node_modules\@babel\parser\lib\index.js:4714:32)
      at JSXParserMixin.jsxParseElement (C:\Users\PC\OneDrive - UNINTER - Aluno\Área de Trabalho\barber\BARBERSHOP\web\node_modules\@babel\parser\lib\index.js:4765:17)
      at JSXParserMixin.parseExprAtom (C:\Users\PC\OneDrive - UNINTER - Aluno\Área de Trabalho\barber\BARBERSHOP\web\node_modules\@babel\parser\lib\index.js:4775:19)
      at JSXParserMixin.parseExprSubscripts (C:\Users\PC\OneDrive - UNINTER - Aluno\Área de Trabalho\barber\BARBERSHOP\web\node_modules\@babel\parser\lib\index.js:11102:23)
      at JSXParserMixin.parseUpdate (C:\Users\PC\OneDrive - UNINTER - Aluno\Área de Trabalho\barber\BARBERSHOP\web\node_modules\@babel\parser\lib\index.js:11087:21)
      at JSXParserMixin.parseMaybeUnary (C:\Users\PC\OneDrive - UNINTER - Aluno\Área de Trabalho\barber\BARBERSHOP\web\node_modules\@babel\parser\lib\index.js:11067:23)
      at JSXParserMixin.parseMaybeUnaryOrPrivate (C:\Users\PC\OneDrive - UNINTER - Aluno\Área de Trabalho\barber\BARBERSHOP\web\node_modules\@babel\parser\lib\index.js:10920:61)
      at JSXParserMixin.parseExprOps (C:\Users\PC\OneDrive - UNINTER - Aluno\Área de Trabalho\barber\BARBERSHOP\web\node_modules\@babel\parser\lib\index.js:10925:23)
      at JSXParserMixin.parseMaybeConditional (C:\Users\PC\OneDrive - UNINTER - Aluno\Área de Trabalho\barber\BARBERSHOP\web\node_modules\@babel\parser\lib\index.js:10902:23)
      at JSXParserMixin.parseMaybeAssign (C:\Users\PC\OneDrive - UNINTER - Aluno\Área de Trabalho\barber\BARBERSHOP\web\node_modules\@babel\parser\lib\index.js:10852:21)
      at C:\Users\PC\OneDrive - UNINTER - Aluno\Área de Trabalho\barber\BARBERSHOP\web\node_modules\@babel\parser\lib\index.js:10821:39
      at JSXParserMixin.allowInAnd (C:\Users\PC\OneDrive - UNINTER - Aluno\Área de Trabalho\barber\BARBERSHOP\web\node_modules\@babel\parser\lib\index.js:12455:12)
      at JSXParserMixin.parseMaybeAssignAllowIn (C:\Users\PC\OneDrive - UNINTER - Aluno\Área de Trabalho\barber\BARBERSHOP\web\node_modules\@babel\parser\lib\index.js:10821:17)
      at JSXParserMixin.parseMaybeAssignAllowInOrVoidPattern (C:\Users\PC\OneDrive - UNINTER - Aluno\Área de Trabalho\barber\BARBERSHOP\web\node_modules\@babel\parser\lib\index.js:12522:17)
      at JSXParserMixin.parseParenAndDistinguishExpression (C:\Users\PC\OneDrive - UNINTER - Aluno\Área de Trabalho\barber\BARBERSHOP\web\node_modules\@babel\parser\lib\index.js:11701:28)
      at JSXParserMixin.parseExprAtom (C:\Users\PC\OneDrive - UNINTER - Aluno\Área de Trabalho\barber\BARBERSHOP\web\node_modules\@babel\parser\lib\index.js:11357:23)
      at JSXParserMixin.parseExprAtom (C:\Users\PC\OneDrive - UNINTER - Aluno\Área de Trabalho\barber\BARBERSHOP\web\node_modules\@babel\parser\lib\index.js:4780:20)
      at JSXParserMixin.parseExprSubscripts (C:\Users\PC\OneDrive - UNINTER - Aluno\Área de Trabalho\barber\BARBERSHOP\web\node_modules\@babel\parser\lib\index.js:11102:23)
      at JSXParserMixin.parseUpdate (C:\Users\PC\OneDrive - UNINTER - Aluno\Área de Trabalho\barber\BARBERSHOP\web\node_modules\@babel\parser\lib\index.js:11087:21)
      at JSXParserMixin.parseMaybeUnary (C:\Users\PC\OneDrive - UNINTER - Aluno\Área de Trabalho\barber\BARBERSHOP\web\node_modules\@babel\parser\lib\index.js:11067:23)
      at JSXParserMixin.parseMaybeUnaryOrPrivate (C:\Users\PC\OneDrive - UNINTER - Aluno\Área de Trabalho\barber\BARBERSHOP\web\node_modules\@babel\parser\lib\index.js:10920:61)
      at JSXParserMixin.parseExprOps (C:\Users\PC\OneDrive - UNINTER - Aluno\Área de Trabalho\barber\BARBERSHOP\web\node_modules\@babel\parser\lib\index.js:10925:23)
      at JSXParserMixin.parseMaybeConditional (C:\Users\PC\OneDrive - UNINTER - Aluno\Área de Trabalho\barber\BARBERSHOP\web\node_modules\@babel\parser\lib\index.js:10902:23)
      at JSXParserMixin.parseMaybeAssign (C:\Users\PC\OneDrive - UNINTER - Aluno\Área de Trabalho\barber\BARBERSHOP\web\node_modules\@babel\parser\lib\index.js:10852:21)
      at JSXParserMixin.parseExpressionBase (C:\Users\PC\OneDrive - UNINTER - Aluno\Área de Trabalho\barber\BARBERSHOP\web\node_modules\@babel\parser\lib\index.js:10805:23)
      at C:\Users\PC\OneDrive - UNINTER - Aluno\Área de Trabalho\barber\BARBERSHOP\web\node_modules\@babel\parser\lib\index.js:10801:39
      at JSXParserMixin.allowInAnd (C:\Users\PC\OneDrive - UNINTER - Aluno\Área de Trabalho\barber\BARBERSHOP\web\node_modules\@babel\parser\lib\index.js:12450:16)
      at JSXParserMixin.parseExpression (C:\Users\PC\OneDrive - UNINTER - Aluno\Área de Trabalho\barber\BARBERSHOP\web\node_modules\@babel\parser\lib\index.js:10801:17)
      at JSXParserMixin.parseReturnStatement (C:\Users\PC\OneDrive - UNINTER - Aluno\Área de Trabalho\barber\BARBERSHOP\web\node_modules\@babel\parser\lib\index.js:13171:28)
      at JSXParserMixin.parseStatementContent (C:\Users\PC\OneDrive - UNINTER - Aluno\Área de Trabalho\barber\BARBERSHOP\web\node_modules\@babel\parser\lib\index.js:12827:21)
      at JSXParserMixin.parseStatementLike (C:\Users\PC\OneDrive - UNINTER - Aluno\Área de Trabalho\barber\BARBERSHOP\web\node_modules\@babel\parser\lib\index.js:12796:17)
      at JSXParserMixin.parseStatementListItem (C:\Users\PC\OneDrive - UNINTER - Aluno\Área de Trabalho\barber\BARBERSHOP\web\node_modules\@babel\parser\lib\index.js:12776:17)
      at JSXParserMixin.parseBlockOrModuleBlockBody (C:\Users\PC\OneDrive - UNINTER - Aluno\Área de Trabalho\barber\BARBERSHOP\web\node_modules\@babel\parser\lib\index.js:13345:61)
      at JSXParserMixin.parseBlockBody (C:\Users\PC\OneDrive - UNINTER - Aluno\Área de Trabalho\barber\BARBERSHOP\web\node_modules\@babel\parser\lib\index.js:13338:10)
      at JSXParserMixin.parseBlock (C:\Users\PC\OneDrive - UNINTER - Aluno\Área de Trabalho\barber\BARBERSHOP\web\node_modules\@babel\parser\lib\index.js:13326:10)
      at JSXParserMixin.parseFunctionBody (C:\Users\PC\OneDrive - UNINTER - Aluno\Área de Trabalho\barber\BARBERSHOP\web\node_modules\@babel\parser\lib\index.js:12129:24)
      at JSXParserMixin.parseFunctionBodyAndFinish (C:\Users\PC\OneDrive - UNINTER - Aluno\Área de Trabalho\barber\BARBERSHOP\web\node_modules\@babel\parser\lib\index.js:12115:10)
      at C:\Users\PC\OneDrive - UNINTER - Aluno\Área de Trabalho\barber\BARBERSHOP\web\node_modules\@babel\parser\lib\index.js:13474:12
      at JSXParserMixin.withSmartMixTopicForbiddingContext (C:\Users\PC\OneDrive - UNINTER - Aluno\Área de Trabalho\barber\BARBERSHOP\web\node_modules\@babel\parser\lib\index.js:12432:14)
      at JSXParserMixin.parseFunction (C:\Users\PC\OneDrive - UNINTER - Aluno\Área de Trabalho\barber\BARBERSHOP\web\node_modules\@babel\parser\lib\index.js:13473:10)
